,sex,age,address,famsize,Pstatus,Medu,Fedu,traveltime,studytime,failures,schoolsup,famsup,paid,activities,nursery,higher,internet,romantic,famrel,freetime,goout,Dalc,Walc,health,absences,G3,school_GP,school_MS,Mjob_at_home,Mjob_health,Mjob_other,Mjob_services,Mjob_teacher,Fjob_at_home,Fjob_health,Fjob_other,Fjob_services,Fjob_teacher,reason_course,reason_home,reason_other,reason_reputation,guardian_father,guardian_mother,guardian_other
0,0,18,1,0,0,4,4,2,2,0,1,0,0,0,1,1,0,0,4,3,4,1,1,3,4,11,1,0,1,0,0,0,0,0,0,0,0,1,1,0,0,0,0,1,0
1,0,17,1,0,1,1,1,1,2,0,0,1,0,0,0,1,1,0,5,3,3,1,1,3,2,11,1,0,1,0,0,0,0,0,0,1,0,0,1,0,0,0,1,0,0
2,0,15,1,1,1,1,1,1,2,0,1,0,0,0,1,1,1,0,4,3,2,2,3,3,6,12,1,0,1,0,0,0,0,0,0,1,0,0,0,0,1,0,0,1,0
3,0,15,1,0,1,4,2,1,3,0,0,1,0,1,1,1,1,1,3,2,2,1,1,5,0,14,1,0,0,1,0,0,0,0,0,0,1,0,0,1,0,0,0,1,0
4,0,16,1,0,1,3,3,1,2,0,0,1,0,0,1,1,0,0,4,3,2,1,2,5,0,13,1,0,0,0,1,0,0,0,0,1,0,0,0,1,0,0,1,0,0
5,1,16,1,1,1,4,3,1,2,0,0,1,0,1,1,1,1,0,5,4,2,1,2,5,6,13,1,0,0,0,0,1,0,0,0,1,0,0,0,0,0,1,0,1,0
6,1,16,1,1,1,2,2,1,2,0,0,0,0,0,1,1,1,0,4,4,4,1,1,3,0,13,1,0,0,0,1,0,0,0,0,1,0,0,0,1,0,0,0,1,0
7,0,17,1,0,0,4,4,2,2,0,1,1,0,0,1,1,0,0,4,1,4,1,1,1,2,13,1,0,0,0,1,0,0,0,0,0,0,1,0,1,0,0,0,1,0
8,1,15,1,1,0,3,2,1,2,0,0,1,0,0,1,1,1,0,4,2,2,1,1,1,0,17,1,0,0,0,0,1,0,0,0,1,0,0,0,1,0,0,0,1,0
9,1,15,1,0,1,3,4,1,2,0,0,1,0,1,1,1,1,0,5,5,1,1,1,5,0,13,1,0,0,0,1,0,0,0,0,1,0,0,0,1,0,0,0,1,0
10,0,15,1,0,1,4,4,1,2,0,0,1,0,0,1,1,1,0,3,3,3,1,2,2,2,14,1,0,0,0,0,0,1,0,1,0,0,0,0,0,0,1,0,1,0
11,0,15,1,0,1,2,1,3,3,0,0,1,0,1,1,1,1,0,5,2,2,1,1,4,0,13,1,0,0,0,0,1,0,0,0,1,0,0,0,0,0,1,1,0,0
12,1,15,1,1,1,4,4,1,1,0,0,1,0,1,1,1,1,0,4,3,3,1,3,5,0,12,1,0,0,1,0,0,0,0,0,0,1,0,1,0,0,0,1,0,0
13,1,15,1,0,1,4,3,2,2,0,0,1,0,0,1,1,1,0,5,4,3,1,2,3,0,13,1,0,0,0,0,0,1,0,0,1,0,0,1,0,0,0,0,1,0
14,1,15,1,0,0,2,2,1,3,0,0,1,0,0,1,1,1,1,4,5,2,1,1,3,0,15,1,0,0,0,1,0,0,0,0,1,0,0,0,1,0,0,0,0,1
15,0,16,1,0,1,4,4,1,1,0,0,1,0,0,1,1,1,0,4,4,4,1,2,2,6,17,1,0,0,1,0,0,0,0,0,1,0,0,0,1,0,0,0,1,0
16,0,16,1,0,1,4,4,1,3,0,0,1,0,1,1,1,1,0,3,2,3,1,2,2,10,14,1,0,0,0,0,1,0,0,0,0,1,0,0,0,0,1,0,1,0
17,0,16,1,0,1,3,3,3,2,0,1,1,0,1,1,1,0,0,5,3,2,1,1,4,2,14,1,0,0,0,1,0,0,0,0,1,0,0,0,0,0,1,0,1,0
18,1,17,1,0,1,3,2,1,1,3,0,1,1,1,1,1,1,0,5,5,5,2,4,5,2,7,1,0,0,0,0,1,0,0,0,0,1,0,1,0,0,0,0,1,0
19,1,16,1,1,1,4,3,1,1,0,0,0,0,1,1,1,1,0,3,1,3,1,3,5,6,12,1,0,0,1,0,0,0,0,0,1,0,0,0,1,0,0,1,0,0
20,1,15,1,0,1,4,3,1,2,0,0,0,0,0,1,1,1,0,4,4,1,1,1,1,0,14,1,0,0,0,0,0,1,0,0,1,0,0,0,0,0,1,0,1,0
21,1,15,1,0,1,4,4,1,1,0,0,1,1,0,1,1,1,0,5,4,2,1,1,5,0,12,1,0,0,1,0,0,0,0,1,0,0,0,0,0,1,0,1,0,0
22,1,16,1,1,1,4,2,1,2,0,0,0,0,1,1,1,1,0,4,5,1,1,3,5,0,14,1,0,0,0,0,0,1,0,0,1,0,0,1,0,0,0,0,1,0
23,1,16,1,1,1,2,2,2,2,0,0,1,0,1,1,1,1,0,5,4,4,2,4,5,2,10,1,0,0,0,1,0,0,0,0,1,0,0,0,0,0,1,0,1,0
24,0,15,0,0,1,2,4,1,3,0,1,1,0,1,1,1,1,0,4,3,2,1,1,5,2,10,1,0,0,0,0,1,0,0,1,0,0,0,1,0,0,0,0,1,0
25,0,16,1,0,1,2,2,1,1,0,0,1,0,0,0,1,1,0,1,2,2,1,3,5,6,12,1,0,0,0,0,1,0,0,0,0,1,0,0,1,0,0,0,1,0
26,1,15,1,0,1,2,2,1,1,0,0,1,0,0,1,1,1,0,4,2,2,1,2,5,8,12,1,0,0,0,1,0,0,0,0,1,0,0,0,1,0,0,0,1,0
27,1,15,1,0,1,4,2,1,1,0,0,0,0,0,1,1,1,0,2,2,4,2,4,1,0,11,1,0,0,1,0,0,0,0,0,0,1,0,0,0,1,0,0,1,0
28,1,16,1,1,0,3,4,1,2,0,1,1,1,1,1,1,1,0,5,3,3,1,1,5,2,13,1,0,0,0,0,1,0,0,0,1,0,0,0,1,0,0,0,1,0
29,1,16,1,0,1,4,4,1,2,0,0,1,1,1,1,1,1,1,4,4,5,5,5,5,4,12,1,0,0,0,0,0,1,0,0,0,0,1,0,1,0,0,0,1,0
30,1,15,1,0,1,4,4,1,2,0,0,1,1,0,0,1,1,0,5,4,2,3,4,5,0,11,1,0,0,1,0,0,0,0,0,0,1,0,0,1,0,0,0,1,0
31,1,15,1,0,1,4,4,2,2,0,0,1,0,1,1,1,1,0,4,3,1,1,1,5,2,15,1,0,0,0,0,1,0,0,0,0,1,0,0,0,0,1,0,1,0
32,1,15,0,0,1,4,3,1,2,0,0,1,0,1,1,1,1,1,4,5,2,1,1,5,0,15,1,0,0,0,0,0,1,1,0,0,0,0,1,0,0,0,0,1,0
33,1,15,1,1,1,3,3,1,2,0,0,0,0,1,0,1,1,0,5,3,2,1,1,2,0,12,1,0,0,0,1,0,0,0,0,1,0,0,1,0,0,0,0,1,0
34,1,16,1,0,1,3,2,1,1,0,0,1,0,0,0,1,1,0,5,4,3,1,1,5,4,12,1,0,0,0,1,0,0,0,0,1,0,0,0,1,0,0,0,1,0
35,0,15,1,0,1,2,3,2,1,0,0,1,0,1,1,1,0,0,3,5,1,1,1,5,4,11,1,0,0,0,1,0,0,0,0,1,0,0,0,0,1,0,1,0,0
36,1,15,1,1,1,4,3,1,3,0,0,1,0,1,1,1,1,0,5,4,3,1,1,4,0,14,1,0,0,0,0,0,1,0,0,0,1,0,0,1,0,0,0,1,0
37,1,16,0,0,0,4,4,2,3,0,0,1,0,1,1,1,1,1,2,4,3,1,1,5,4,13,1,0,0,0,1,0,0,0,0,0,0,1,0,0,0,1,0,1,0
38,0,15,0,0,1,3,4,1,3,0,1,1,0,1,1,1,1,0,4,3,2,1,1,5,2,12,1,0,0,0,0,1,0,0,1,0,0,0,1,0,0,0,0,1,0
39,0,15,0,0,1,2,2,1,1,0,1,1,0,1,1,1,0,0,4,3,1,1,1,2,8,12,1,0,1,0,0,0,0,0,0,1,0,0,0,0,0,1,0,1,0
40,0,16,1,1,1,2,2,2,2,0,0,1,0,1,0,1,1,1,3,3,3,1,2,3,16,10,1,0,0,0,1,0,0,0,0,1,0,0,0,1,0,0,0,1,0
41,1,15,1,1,1,4,4,1,1,0,0,1,0,0,0,1,1,1,5,4,3,2,4,5,8,11,1,0,0,0,0,0,1,0,0,1,0,0,0,1,0,0,0,0,1
42,1,15,1,0,1,4,4,1,2,0,0,1,0,1,1,1,1,0,4,3,3,1,1,5,0,15,1,0,0,0,0,1,0,0,0,0,0,1,1,0,0,0,1,0,0
43,1,15,1,0,1,2,2,1,1,0,1,1,0,0,1,1,1,0,5,4,1,1,1,1,0,10,1,0,0,0,0,1,0,0,0,0,1,0,1,0,0,0,1,0,0
44,0,16,1,1,1,2,2,2,2,1,1,0,0,1,1,1,1,0,4,3,3,2,2,5,14,11,1,0,0,0,1,0,0,1,0,0,0,0,1,0,0,0,1,0,0
45,0,15,1,1,0,4,3,1,2,0,1,1,1,1,1,1,1,1,5,2,2,1,1,5,4,11,1,0,0,0,1,0,0,0,0,1,0,0,1,0,0,0,0,1,0
46,0,16,1,1,0,3,3,1,2,0,0,1,0,0,1,1,1,0,2,3,5,1,4,3,6,13,1,0,0,0,1,0,0,0,0,0,1,0,0,1,0,0,0,1,0
47,1,16,1,0,1,4,3,1,4,0,0,0,0,1,1,1,1,0,4,2,2,1,1,2,2,17,1,0,0,1,0,0,0,0,0,0,1,0,0,0,0,1,0,1,0
48,1,15,1,0,1,4,2,1,2,0,0,1,0,0,1,1,0,0,4,3,3,2,2,5,4,13,1,0,0,0,0,0,1,0,0,1,0,0,0,1,0,0,0,1,0
49,0,15,1,0,1,4,4,1,2,0,1,1,0,1,0,1,1,0,4,4,4,1,1,3,2,12,1,0,0,0,0,1,0,0,0,0,0,1,0,0,1,0,1,0,0
50,0,16,1,1,1,2,2,3,2,0,0,1,0,0,1,1,1,0,4,3,3,2,3,4,0,13,1,0,0,0,0,1,0,0,0,0,1,0,1,0,0,0,0,1,0
51,0,15,1,1,1,4,2,1,2,0,0,1,0,0,1,1,1,0,4,3,3,1,1,5,0,16,1,0,0,1,0,0,0,0,0,1,0,0,0,0,1,0,0,1,0
52,1,15,1,1,0,4,2,2,1,0,0,0,0,0,1,1,0,0,5,5,5,3,4,5,4,9,1,0,0,1,0,0,0,0,1,0,0,0,0,0,1,0,1,0,0
53,0,15,1,0,1,4,4,1,1,0,1,1,0,0,1,1,1,0,3,3,4,2,3,5,0,12,1,0,0,0,0,1,0,0,0,0,1,0,1,0,0,0,0,1,0
54,0,15,1,1,0,3,3,1,1,0,0,0,0,0,1,1,1,0,5,3,4,4,4,1,0,13,1,0,0,0,1,0,0,0,0,1,0,0,0,0,1,0,0,1,0
55,0,16,1,0,0,2,1,1,2,0,0,0,0,1,1,1,1,1,5,3,4,1,1,2,2,12,1,0,0,0,1,0,0,0,0,1,0,0,0,0,1,0,0,1,0
56,0,15,1,0,0,4,3,1,2,0,0,1,0,1,1,1,1,0,4,3,2,1,1,1,0,15,1,0,0,0,0,1,0,0,0,0,1,0,0,0,0,1,0,1,0
57,1,15,1,0,1,4,4,1,2,0,0,1,0,1,1,1,0,0,3,2,2,1,1,5,8,16,1,0,0,0,0,0,1,0,1,0,0,0,0,0,0,1,0,1,0
58,1,15,1,1,1,1,2,1,2,0,1,1,0,1,1,1,1,0,4,3,2,1,1,5,0,14,1,0,0,0,1,0,0,1,0,0,0,0,0,1,0,0,1,0,0
59,0,16,1,0,1,4,2,1,2,0,0,1,1,0,1,1,1,0,4,2,3,1,1,5,2,16,1,0,0,0,0,1,0,0,0,1,0,0,1,0,0,0,0,1,0
60,0,16,0,0,1,4,4,1,2,0,0,1,0,1,1,1,0,0,2,4,4,2,3,4,0,16,1,0,0,1,0,0,0,0,0,0,0,1,0,0,1,0,0,1,0
61,0,16,1,0,1,1,1,4,1,0,1,1,0,1,0,1,1,1,5,5,5,5,5,5,0,16,1,0,0,0,0,1,0,0,0,0,1,0,1,0,0,0,1,0,0
62,0,16,1,1,1,1,2,1,2,0,1,0,0,1,1,1,1,0,4,4,3,1,1,1,0,10,1,0,0,0,1,0,0,0,0,0,1,0,0,0,0,1,1,0,0
63,0,16,1,0,1,4,3,1,3,0,1,1,0,1,1,1,1,0,3,4,4,2,4,4,0,13,1,0,0,0,0,0,1,0,1,0,0,0,0,1,0,0,0,1,0
64,0,15,1,1,1,4,3,1,2,0,1,0,0,1,1,1,1,1,4,4,4,2,4,2,0,12,1,0,0,0,0,1,0,0,0,0,1,0,0,0,0,1,1,0,0
65,0,16,1,1,1,4,3,3,2,0,0,1,0,1,1,1,1,0,5,4,3,1,2,1,2,16,1,0,0,0,0,0,1,0,0,0,1,0,1,0,0,0,0,1,0
66,1,15,1,0,0,4,4,1,4,0,0,1,0,1,0,1,1,1,1,3,3,5,5,3,0,12,1,0,0,0,1,0,0,0,0,0,1,0,0,0,0,1,0,1,0
67,0,16,1,0,1,3,1,1,4,0,1,1,0,0,1,1,1,0,4,3,3,1,2,5,0,10,1,0,0,0,0,1,0,0,0,1,0,0,1,0,0,0,0,1,0
68,0,15,0,1,1,2,2,2,2,0,1,1,0,0,1,1,1,0,4,1,3,1,3,4,0,11,1,0,0,1,0,0,0,0,0,0,1,0,0,0,0,1,0,1,0
69,0,15,0,1,1,3,1,2,4,0,0,1,0,0,0,1,1,0,4,4,2,2,3,3,6,15,1,0,0,0,1,0,0,0,0,1,0,0,0,0,0,1,1,0,0
70,1,16,1,0,1,3,1,2,4,0,0,1,0,0,1,1,1,0,4,3,2,1,1,5,2,11,1,0,0,0,1,0,0,0,0,1,0,0,0,0,0,1,1,0,0
71,1,15,1,0,1,4,2,1,4,0,0,0,0,0,1,1,1,0,3,3,3,1,1,3,0,10,1,0,0,0,1,0,0,0,0,1,0,0,1,0,0,0,0,1,0
72,0,15,0,0,1,1,1,1,2,0,1,1,0,0,0,1,1,1,3,3,4,2,4,5,2,11,1,0,0,0,1,0,0,0,0,1,0,0,0,0,0,1,0,1,0
73,1,16,1,0,1,3,1,1,1,0,0,0,0,1,1,1,0,0,5,3,2,2,2,5,0,14,1,0,0,0,1,0,0,0,0,1,0,0,0,0,0,1,0,1,0
74,0,16,1,0,1,3,3,1,2,0,1,1,0,1,1,1,1,0,4,3,3,2,4,5,4,11,1,0,0,0,1,0,0,0,0,0,1,0,0,1,0,0,0,1,0
75,1,15,1,0,1,4,3,1,2,0,0,1,0,1,1,1,1,0,4,3,3,2,3,5,0,11,1,0,0,0,0,0,1,0,0,1,0,0,0,1,0,0,0,1,0
76,1,15,1,0,1,4,0,2,4,0,0,0,0,1,1,1,1,0,3,4,3,1,1,1,0,11,1,0,0,0,0,0,1,0,0,1,0,0,1,0,0,0,0,1,0
77,0,16,1,0,1,2,2,1,4,0,0,0,0,0,1,1,1,1,5,2,3,1,3,3,1,13,1,0,0,0,1,0,0,0,0,1,0,0,0,0,0,1,0,1,0
78,1,17,1,0,1,2,1,2,1,3,1,1,0,1,1,0,1,0,4,5,1,1,1,3,0,10,1,0,0,0,1,0,0,0,0,1,0,0,0,1,0,0,0,1,0
79,0,16,1,0,1,3,4,1,2,0,0,1,0,0,1,1,1,0,2,4,3,1,2,3,14,11,1,0,1,0,0,0,0,0,0,1,0,0,1,0,0,0,0,1,0
80,1,15,1,0,1,2,3,1,1,0,1,1,0,1,0,1,1,1,3,2,2,1,3,3,0,12,1,0,0,0,1,0,0,0,0,0,1,0,1,0,0,0,1,0,0
81,1,15,1,0,1,2,3,1,3,0,1,0,0,0,0,1,1,0,5,3,2,1,2,5,2,9,1,0,0,0,1,0,0,0,0,1,0,0,0,1,0,0,0,1,0
82,0,15,1,1,1,3,2,1,2,0,0,1,0,0,1,1,1,0,4,4,4,1,1,5,4,11,1,0,0,0,0,1,0,0,0,1,0,0,0,0,0,1,0,1,0
83,1,15,1,1,1,2,2,2,2,0,0,0,1,1,1,1,1,0,5,3,3,1,3,4,2,13,1,0,0,0,0,1,0,0,0,0,1,0,0,1,0,0,0,1,0
84,0,15,1,0,1,1,1,1,2,0,0,1,0,1,0,1,1,0,4,3,2,2,3,4,2,12,1,0,0,0,1,0,0,0,0,1,0,0,0,1,0,0,1,0,0
85,0,15,1,0,1,4,4,2,2,0,0,0,0,0,1,1,1,1,4,4,4,2,3,5,4,12,1,0,0,0,0,1,0,0,0,0,1,0,0,0,0,1,1,0,0
86,0,16,1,1,1,2,2,1,2,0,0,1,0,0,1,1,0,0,4,3,4,1,2,2,6,11,1,0,1,0,0,0,0,0,0,1,0,0,1,0,0,0,0,1,0
87,0,15,1,0,1,4,2,1,3,0,0,1,0,1,1,1,1,0,5,3,3,1,3,1,4,15,1,0,0,0,1,0,0,0,0,1,0,0,0,0,0,1,0,1,0
88,1,16,1,0,1,2,2,2,2,0,0,0,0,1,0,1,1,0,4,4,2,1,1,3,6,11,1,0,0,0,0,1,0,0,0,1,0,0,0,0,0,1,1,0,0
89,1,16,1,1,0,4,4,1,2,0,0,1,0,0,1,1,0,0,4,1,3,3,5,5,6,10,1,0,0,0,0,0,1,0,1,0,0,0,0,0,0,1,0,1,0
90,0,16,1,0,1,3,3,1,3,0,0,1,0,0,1,1,1,1,4,3,3,1,3,4,2,11,1,0,0,0,1,0,0,0,0,1,0,0,0,1,0,0,0,1,0
91,0,15,1,0,1,4,3,1,1,0,0,0,0,1,1,1,1,0,4,5,5,1,3,1,6,13,1,0,0,0,0,1,0,0,0,1,0,0,0,0,0,1,0,1,0
92,0,16,1,1,1,3,1,1,2,0,1,1,0,0,1,1,0,0,3,3,3,2,3,2,0,12,1,0,0,0,1,0,0,0,0,1,0,0,0,1,0,0,1,0,0
93,0,16,1,0,1,4,2,2,2,0,0,1,0,1,1,1,1,0,5,3,3,1,1,1,2,14,1,0,0,0,0,0,1,0,0,0,1,0,0,1,0,0,0,1,0
94,1,15,1,1,1,2,2,1,4,0,0,1,0,1,1,1,1,0,4,3,4,1,1,4,2,12,1,0,0,0,0,1,0,0,1,0,0,0,0,0,0,1,0,1,0
95,0,15,0,0,1,1,1,2,4,0,1,1,1,1,1,1,1,0,3,1,2,1,1,1,4,13,1,0,1,0,0,0,0,0,0,1,0,0,0,1,0,0,0,1,0
96,1,16,0,0,1,4,3,2,1,0,1,1,1,1,0,1,1,0,3,3,3,1,1,4,6,11,1,0,0,0,0,1,0,0,0,1,0,0,0,0,0,1,0,1,0
97,0,16,1,0,1,2,1,1,2,0,0,1,0,0,1,1,0,1,4,3,5,1,1,5,0,12,1,0,0,0,1,0,0,0,0,1,0,0,1,0,0,0,0,1,0
98,0,16,1,0,1,4,4,1,1,0,0,0,0,1,0,1,1,0,5,3,4,1,2,1,4,13,1,0,0,0,1,0,0,0,0,1,0,0,0,0,0,1,0,1,0
99,0,16,1,0,1,4,3,1,3,0,1,1,0,0,1,1,1,0,5,3,5,1,1,3,2,13,1,0,0,0,1,0,0,1,0,0,0,0,1,0,0,0,0,1,0
100,1,16,1,0,1,4,4,1,1,0,1,1,0,1,1,1,1,0,4,5,5,5,5,4,12,8,1,0,0,0,0,1,0,0,0,0,1,0,0,0,1,0,0,1,0
101,1,16,1,0,1,4,4,1,3,0,0,1,0,1,1,1,1,1,4,4,3,1,1,4,0,16,1,0,0,0,0,1,0,0,0,0,0,1,0,0,1,0,1,0,0
102,1,15,1,0,1,4,4,1,1,0,0,1,1,1,0,1,1,0,5,3,3,1,1,5,2,12,1,0,0,0,0,1,0,0,0,1,0,0,1,0,0,0,0,1,0
103,0,15,1,0,1,3,2,2,2,0,1,1,0,0,1,1,1,0,4,3,5,1,1,2,16,10,1,0,0,0,0,1,0,0,0,1,0,0,0,1,0,0,0,1,0
104,1,15,1,0,0,3,4,1,2,0,0,1,0,1,1,1,1,0,5,4,4,1,1,1,0,16,1,0,0,0,0,1,0,0,0,1,0,0,1,0,0,0,0,1,0
105,0,15,1,0,0,3,3,1,4,0,1,0,0,0,1,1,0,0,4,3,3,1,1,4,10,10,1,0,0,0,1,0,0,0,1,0,0,0,0,0,0,1,1,0,0
106,0,15,1,0,1,2,2,1,4,0,1,1,0,0,1,1,1,0,5,1,2,1,1,3,4,10,1,0,0,0,1,0,0,0,0,1,0,0,1,0,0,0,0,1,0
107,1,16,1,0,1,3,3,1,3,0,0,1,0,1,1,1,1,0,5,3,3,1,1,5,4,14,1,0,0,0,0,1,0,0,0,1,0,0,0,1,0,0,1,0,0
108,1,15,0,0,1,4,4,4,4,0,0,1,0,1,1,1,1,1,1,3,5,3,5,1,8,11,1,0,0,0,1,0,0,0,0,1,0,0,0,1,0,0,1,0,0
109,0,16,1,1,1,4,4,1,3,0,0,1,0,1,1,1,1,1,5,4,5,1,1,4,2,14,1,0,0,1,0,0,0,0,1,0,0,0,0,0,1,0,0,1,0
110,1,15,1,1,0,4,4,1,1,0,0,0,0,1,1,1,1,0,5,5,3,1,1,4,4,14,1,0,0,0,0,0,1,0,0,0,0,1,1,0,0,0,0,1,0
111,0,16,0,0,1,3,3,1,3,0,1,1,0,1,1,1,1,0,4,1,2,1,1,2,4,11,1,0,0,0,0,1,0,0,0,1,0,0,0,0,0,1,1,0,0
112,0,16,1,0,1,2,2,1,2,1,1,0,0,1,1,1,1,0,3,1,2,1,1,5,12,10,1,0,1,0,0,0,0,0,0,1,0,0,0,1,0,0,0,1,0
113,1,15,1,1,1,4,2,1,1,0,0,0,0,0,1,1,1,0,3,5,2,1,1,3,10,18,1,0,0,0,0,0,1,0,0,1,0,0,1,0,0,0,0,1,0
114,1,15,0,0,1,2,1,1,2,0,0,0,0,1,1,1,1,1,5,4,2,1,1,5,4,10,1,0,0,1,0,0,0,0,0,0,1,0,0,0,0,1,0,1,0
115,1,16,1,0,1,4,4,1,2,0,0,1,0,1,1,1,1,0,5,4,4,1,2,5,6,14,1,0,0,0,0,0,1,0,0,0,0,1,1,0,0,0,1,0,0
116,1,15,1,0,1,4,4,2,2,0,0,1,0,1,1,1,0,0,4,4,3,1,1,2,4,16,1,0,0,0,1,0,0,0,0,0,0,1,0,0,0,1,1,0,0
117,1,16,1,0,1,3,3,2,1,0,0,0,0,1,1,1,1,0,5,4,2,1,1,5,6,15,1,0,0,0,1,0,0,0,0,0,1,0,0,1,0,0,1,0,0
118,1,17,0,0,1,1,3,3,2,1,0,1,0,1,1,1,1,0,5,2,4,1,4,5,14,11,1,0,0,0,1,0,0,0,0,1,0,0,1,0,0,0,1,0,0
119,1,15,1,0,1,3,4,1,1,0,0,0,0,0,1,1,1,0,3,4,3,1,2,4,2,14,1,0,0,0,1,0,0,0,0,1,0,0,0,0,0,1,1,0,0
120,0,15,1,0,1,1,2,1,2,0,0,0,0,0,0,1,1,0,3,2,3,1,2,1,0,14,1,0,1,0,0,0,0,0,0,0,1,0,1,0,0,0,0,1,0
121,1,15,1,0,1,2,2,1,4,0,0,1,0,1,1,1,1,0,5,5,4,1,2,5,6,13,1,0,0,0,0,1,0,0,0,0,1,0,0,1,0,0,1,0,0
122,0,16,1,1,1,2,4,2,2,0,0,1,0,1,1,1,1,1,4,2,2,1,2,5,2,13,1,0,0,0,1,0,0,0,1,0,0,0,1,0,0,0,1,0,0
123,1,16,1,0,1,4,4,1,1,0,0,1,0,1,1,1,1,0,3,4,4,1,4,5,4,13,1,0,0,1,0,0,0,0,0,1,0,0,1,0,0,0,0,1,0
124,0,16,1,0,1,2,2,1,2,0,0,0,0,0,1,1,1,1,5,4,4,1,1,5,0,11,1,0,0,0,1,0,0,0,0,1,0,0,0,1,0,0,0,1,0
125,1,15,1,0,1,3,4,1,1,0,1,0,0,0,1,1,1,0,5,5,5,3,2,5,2,9,1,0,0,0,0,1,0,0,0,0,1,0,0,1,0,0,1,0,0
126,0,15,1,1,0,3,4,1,2,0,1,0,0,1,1,1,1,1,5,3,2,1,1,1,0,11,1,0,0,0,1,0,0,0,0,1,0,0,0,1,0,0,0,1,0
127,0,19,1,0,1,0,1,1,2,2,0,1,0,0,0,0,0,0,3,4,2,1,1,5,0,11,1,0,1,0,0,0,0,0,0,1,0,0,1,0,0,0,0,0,1
128,1,16,0,0,1,4,4,1,1,0,0,0,0,1,1,1,1,0,3,5,5,2,5,4,8,15,1,0,0,0,0,0,1,0,0,0,0,1,1,0,0,0,0,1,0
129,1,16,1,0,1,2,3,2,3,0,0,1,0,0,0,1,1,1,3,2,3,2,2,1,4,13,1,0,0,0,1,0,0,0,0,1,0,0,1,0,0,0,0,1,0
130,0,15,0,0,1,3,4,2,3,0,0,1,0,0,1,1,1,1,4,2,2,2,2,5,0,12,1,0,0,0,0,1,0,0,0,0,0,1,1,0,0,0,1,0,0
131,0,18,1,0,1,2,1,1,2,3,0,1,0,1,1,0,1,1,5,4,5,1,3,5,10,8,1,0,0,0,0,1,0,0,0,1,0,0,0,0,0,1,0,1,0
132,0,17,1,1,0,2,1,3,1,0,0,1,0,0,1,1,1,0,3,2,2,1,2,5,8,11,1,0,0,0,1,0,0,0,0,1,0,0,1,0,0,0,0,1,0
133,0,15,1,0,1,1,1,3,1,0,0,1,0,1,0,1,1,1,4,3,3,1,2,4,6,13,1,0,1,0,0,0,0,0,0,1,0,0,1,0,0,0,0,1,0
134,0,17,1,1,1,2,2,1,1,0,0,1,0,0,1,1,1,1,3,4,4,1,3,5,2,12,1,0,0,0,1,0,0,0,0,1,0,0,1,0,0,0,1,0,0
135,0,16,1,0,0,3,4,1,1,0,0,0,0,0,1,1,1,0,3,2,1,1,4,5,12,14,1,0,0,0,0,1,0,0,0,1,0,0,1,0,0,0,1,0,0
136,1,16,1,0,1,2,1,4,1,0,0,0,0,0,1,1,0,0,3,2,1,1,1,2,4,11,1,0,1,0,0,0,0,0,0,1,0,0,1,0,0,0,0,1,0
137,0,16,1,0,0,2,2,1,1,1,0,0,0,0,1,1,0,0,5,3,4,1,1,5,12,11,1,0,0,0,1,0,0,0,0,1,0,0,0,1,0,0,0,1,0
138,1,15,0,0,1,3,4,4,2,0,0,1,0,0,1,1,0,1,5,3,3,1,1,5,2,11,1,0,1,0,0,0,0,0,0,0,0,1,1,0,0,0,0,1,0
139,0,15,1,0,1,4,4,1,3,0,0,1,0,1,1,1,1,1,4,3,3,1,1,5,4,15,1,0,0,0,0,1,0,1,0,0,0,0,1,0,0,0,0,1,0
140,1,17,0,0,1,3,4,3,2,0,0,0,0,0,1,1,0,0,5,4,5,2,4,5,2,10,1,0,1,0,0,0,0,0,0,1,0,0,1,0,0,0,0,1,0
141,0,16,0,0,1,1,1,4,2,0,0,1,0,0,1,1,0,0,5,1,3,1,1,3,0,13,1,0,1,0,0,0,0,0,0,1,0,0,1,0,0,0,0,1,0
142,1,18,1,1,1,3,1,2,1,0,0,0,0,1,1,1,1,1,3,3,4,4,5,4,2,12,1,0,0,0,0,1,0,0,0,0,1,0,1,0,0,0,0,1,0
143,0,18,1,0,0,3,2,1,3,0,0,1,0,1,0,1,1,1,4,3,3,5,1,5,10,11,1,0,0,0,1,0,0,0,0,0,1,0,1,0,0,0,0,0,1
144,0,16,0,0,1,1,1,2,1,0,0,1,0,1,1,1,0,1,3,3,3,1,2,1,8,11,1,0,0,0,1,0,0,0,0,0,1,0,0,0,0,1,0,1,0
145,0,16,1,0,0,3,3,2,1,0,0,1,0,1,0,1,1,1,4,3,2,1,1,5,4,10,1,0,0,0,1,0,0,0,0,1,0,0,1,0,0,0,0,0,1
146,1,16,1,1,1,1,1,1,2,2,0,0,0,0,1,1,0,1,4,4,4,1,3,5,0,10,1,0,0,0,0,1,0,0,0,1,0,0,1,0,0,0,0,1,0
147,0,15,1,0,1,4,4,2,1,0,0,0,0,1,1,1,1,0,4,3,2,1,1,5,6,14,1,0,0,0,0,0,1,0,0,0,0,1,1,0,0,0,0,1,0
148,0,15,0,0,1,1,1,3,1,1,0,0,0,1,1,1,1,1,5,5,5,1,1,1,2,9,1,0,0,0,1,0,0,0,0,1,0,0,1,0,0,0,0,1,0
149,1,15,1,0,1,4,3,2,4,0,1,1,0,0,1,1,1,0,2,2,2,1,1,3,6,11,1,0,0,0,0,0,1,0,0,0,1,0,1,0,0,0,1,0,0
150,0,15,1,0,0,3,3,1,2,0,0,0,0,0,0,1,0,1,1,3,2,2,3,1,24,9,1,0,0,0,0,1,0,0,0,0,1,0,0,1,0,0,0,1,0
151,1,16,1,0,1,4,4,1,3,0,0,1,0,1,1,1,1,0,5,3,3,1,3,5,0,13,1,0,0,0,0,1,0,0,0,0,1,0,1,0,0,0,0,1,0
152,1,16,1,1,1,2,2,2,1,0,0,1,0,1,1,1,1,0,2,3,3,2,2,2,4,11,1,0,0,0,0,1,0,0,0,0,1,0,0,0,0,1,1,0,0
153,0,15,1,0,1,4,4,1,3,0,0,1,0,1,1,1,1,0,4,2,2,1,1,5,2,13,1,0,0,0,0,0,1,0,0,0,1,0,1,0,0,0,0,1,0
154,0,16,1,1,1,1,1,1,1,0,0,0,0,0,1,1,1,0,3,4,4,3,3,1,4,11,1,0,1,0,0,0,0,1,0,0,0,0,1,0,0,0,0,1,0
155,1,17,1,0,1,2,1,1,1,0,0,1,0,0,1,1,1,0,5,4,5,1,2,5,22,6,1,0,0,0,1,0,0,0,0,1,0,0,0,1,0,0,0,1,0
156,0,15,1,0,1,1,1,1,2,0,0,1,0,0,1,1,1,0,4,4,2,1,2,5,0,12,1,0,0,0,1,0,0,0,0,0,1,0,1,0,0,0,1,0,0
157,0,15,1,1,0,2,1,2,1,0,0,1,0,1,1,0,1,1,4,4,2,1,1,5,0,10,1,0,1,0,0,0,0,0,0,1,0,0,0,1,0,0,0,1,0
158,0,15,1,0,1,3,2,1,2,1,0,1,0,0,1,1,1,0,3,3,2,1,1,3,2,11,1,0,0,1,0,0,0,0,0,0,1,0,0,1,0,0,1,0,0
159,0,15,1,0,1,1,2,1,2,0,0,1,0,0,0,1,1,0,4,3,2,1,1,5,6,13,1,0,1,0,0,0,0,0,0,1,0,0,1,0,0,0,0,1,0
160,0,15,1,0,1,1,2,1,2,0,0,0,0,0,0,1,0,1,2,3,4,2,4,1,6,11,1,0,1,0,0,0,0,0,0,0,1,0,1,0,0,0,1,0,0
161,1,16,1,0,1,4,4,1,1,0,0,1,0,0,1,0,1,1,3,3,2,2,1,5,16,8,1,0,0,0,0,0,1,0,0,0,0,1,1,0,0,0,0,1,0
162,1,15,1,1,0,2,1,4,1,0,0,0,0,0,1,1,1,0,4,5,5,2,5,5,0,11,1,0,0,0,0,1,0,0,0,1,0,0,1,0,0,0,0,1,0
163,1,18,1,1,1,1,1,1,1,2,0,0,0,0,1,0,1,1,2,3,5,2,5,4,0,0,1,0,0,0,1,0,0,0,0,1,0,0,1,0,0,0,0,1,0
164,1,16,1,1,1,2,1,1,1,1,0,0,0,1,1,1,0,1,4,4,4,3,5,5,6,10,1,0,1,0,0,0,0,0,0,1,0,0,1,0,0,0,0,1,0
165,0,15,0,0,1,3,3,2,3,0,0,1,1,1,1,1,1,1,4,2,1,2,3,3,2,13,1,0,0,0,0,1,0,0,0,0,1,0,0,0,0,1,0,0,1
166,1,19,1,0,1,3,2,1,1,0,0,1,0,0,1,0,1,1,4,5,4,1,1,4,6,11,1,0,0,0,0,1,0,1,0,0,0,0,0,1,0,0,0,1,0
167,0,17,1,0,1,4,4,1,1,0,1,1,0,0,1,1,0,1,4,2,1,1,1,4,0,13,1,0,0,0,1,0,0,0,0,0,0,1,1,0,0,0,0,1,0
168,1,15,0,0,1,2,3,1,2,0,1,0,1,1,1,1,0,0,4,4,4,1,1,1,0,8,1,0,1,0,0,0,0,0,0,0,1,0,1,0,0,0,0,1,0
169,1,17,0,1,1,1,2,1,1,3,0,0,0,0,1,1,0,0,2,2,2,3,3,5,14,10,1,0,0,0,1,0,0,0,0,1,0,0,0,0,0,1,0,1,0
170,0,18,0,0,1,1,1,3,1,3,0,1,0,1,0,1,0,0,5,2,5,1,5,4,6,11,1,0,1,0,0,0,0,0,0,1,0,0,1,0,0,0,0,1,0
171,1,16,0,0,1,2,2,3,1,0,0,0,0,0,0,1,0,0,4,2,2,1,2,3,4,11,1,0,1,0,0,0,0,0,0,1,0,0,1,0,0,0,0,1,0
172,1,16,1,0,1,3,3,1,2,1,0,1,0,0,1,1,1,1,4,5,5,4,4,5,0,1,1,0,0,0,1,0,0,0,0,0,1,0,1,0,0,0,1,0,0
173,1,16,1,1,1,1,2,2,1,2,0,0,0,0,0,1,1,0,4,4,5,3,5,5,0,10,1,0,0,1,0,0,0,0,0,0,1,0,1,0,0,0,0,1,0
174,1,17,0,1,1,2,1,2,1,1,0,0,1,1,1,0,1,1,3,3,2,2,2,5,8,9,1,0,1,0,0,0,0,0,0,1,0,0,1,0,0,0,0,1,0
175,1,17,0,0,1,3,2,2,2,2,1,1,0,0,1,1,1,1,4,4,4,1,4,3,4,8,1,0,0,0,1,0,0,0,0,1,0,0,1,0,0,0,0,1,0
176,1,15,1,1,1,1,2,2,1,0,0,0,0,1,1,1,0,0,4,4,4,2,4,5,2,10,1,0,0,0,1,0,0,0,0,1,0,0,1,0,0,0,0,1,0
177,1,16,1,0,1,1,3,1,1,1,0,0,0,0,1,0,1,0,5,3,3,1,4,2,2,8,1,0,1,0,0,0,0,0,0,0,1,0,1,0,0,0,1,0,0
178,1,17,0,1,1,1,1,4,2,0,0,0,0,1,1,0,0,1,5,3,5,1,5,5,0,8,1,0,0,0,1,0,0,0,0,0,1,0,1,0,0,0,0,1,0
179,1,17,1,0,1,3,2,2,1,3,0,1,0,1,0,0,0,0,4,5,2,1,1,2,10,8,1,0,0,0,0,1,0,0,0,0,1,0,1,0,0,0,0,1,0
180,1,16,1,0,1,2,2,1,2,0,0,0,0,0,1,0,1,0,4,3,5,2,4,4,0,11,1,0,0,0,1,0,0,0,0,1,0,0,1,0,0,0,1,0,0
181,0,16,1,0,1,4,2,1,2,0,0,0,0,0,1,1,1,1,4,2,3,1,1,3,0,18,1,0,0,1,0,0,0,0,0,0,1,0,0,1,0,0,1,0,0
182,0,16,1,0,1,2,2,1,2,0,0,1,0,0,0,1,1,0,5,1,5,1,1,4,0,13,1,0,0,0,1,0,0,0,0,1,0,0,0,1,0,0,0,1,0
183,0,16,1,0,1,4,4,1,2,0,0,1,0,0,1,1,1,1,4,4,2,1,1,3,0,17,1,0,0,1,0,0,0,0,1,0,0,0,0,0,0,1,0,1,0
184,1,16,1,0,1,3,4,3,1,1,0,1,0,1,0,1,1,0,3,4,5,2,4,2,4,10,1,0,0,0,1,0,0,0,0,1,0,0,1,0,0,0,1,0,0
185,1,16,1,0,1,1,0,2,2,0,0,1,0,1,1,1,1,1,4,3,2,1,1,3,0,18,1,0,0,0,1,0,0,0,0,1,0,0,0,0,0,1,0,1,0
186,1,17,1,1,1,4,4,1,2,0,0,1,0,1,1,1,1,0,4,4,4,1,3,5,0,10,1,0,0,0,0,0,1,0,0,1,0,0,0,0,0,1,0,1,0
187,0,16,1,0,1,1,3,1,2,0,0,0,0,1,0,1,1,1,4,3,5,1,1,3,0,13,1,0,1,0,0,0,0,0,0,0,1,0,0,1,0,0,0,1,0
188,0,16,1,1,1,3,3,2,2,0,0,1,0,1,1,1,1,0,4,4,5,1,1,4,0,15,1,0,0,0,1,0,0,0,0,1,0,0,0,0,0,1,0,1,0
189,1,17,1,1,1,4,3,2,2,0,0,0,0,1,1,1,1,0,4,4,4,4,4,4,0,11,1,0,0,0,0,0,1,0,0,1,0,0,1,0,0,0,0,1,0
190,0,16,1,0,1,2,2,2,2,0,0,0,0,1,0,1,1,0,3,4,4,1,4,5,0,14,1,0,0,0,0,1,0,0,0,1,0,0,0,0,0,1,0,1,0
191,1,17,1,0,1,3,3,1,2,0,0,0,0,1,0,1,1,0,4,3,4,1,4,4,4,10,1,0,0,0,1,0,0,0,0,1,0,0,0,0,0,1,1,0,0
192,1,16,0,0,1,4,2,1,1,0,0,1,0,1,1,1,1,1,4,3,3,3,4,3,8,11,1,0,0,0,0,0,1,0,0,0,1,0,0,0,1,0,0,1,0
193,1,17,1,0,1,4,3,1,2,0,0,1,1,1,1,1,1,1,5,2,3,1,1,2,4,13,1,0,0,0,1,0,0,0,0,1,0,0,1,0,0,0,0,1,0
194,1,16,1,0,1,4,3,1,2,0,0,1,1,1,1,1,1,0,3,4,3,2,3,3,4,11,1,0,0,0,0,0,1,0,0,1,0,0,0,1,0,0,0,1,0
195,1,16,1,0,1,3,3,1,2,0,0,0,0,1,1,1,1,1,4,2,3,1,2,3,0,13,1,0,0,0,0,1,0,0,0,1,0,0,0,1,0,0,0,1,0
196,0,17,1,0,1,2,4,1,2,0,0,1,0,1,1,1,0,0,5,4,2,2,3,5,0,17,1,0,0,0,0,1,0,0,0,0,1,0,0,0,0,1,1,0,0
197,0,17,1,1,1,3,3,1,2,0,0,1,0,1,1,1,1,1,5,3,3,2,3,1,32,14,1,0,0,0,1,0,0,0,0,1,0,0,0,0,0,1,0,1,0
198,0,16,1,0,1,3,2,1,2,0,0,1,0,0,1,1,1,0,1,2,2,1,2,1,8,16,1,0,0,0,1,0,0,0,0,1,0,0,0,0,0,1,0,1,0
199,1,17,1,0,1,3,3,1,2,0,0,1,0,1,1,1,1,1,4,3,4,2,3,4,6,14,1,0,0,0,0,1,0,0,0,0,1,0,0,0,1,0,0,1,0
200,1,16,1,0,1,1,2,1,1,0,0,1,0,1,1,1,1,1,3,3,3,1,2,3,0,11,1,0,0,0,0,1,0,0,0,0,1,0,0,0,1,0,0,1,0
201,1,16,1,1,1,2,1,1,2,0,0,0,0,1,1,1,1,1,4,2,3,1,2,5,0,16,1,0,0,0,1,0,0,0,0,1,0,0,1,0,0,0,0,1,0
202,0,17,1,0,0,3,3,1,2,0,0,1,0,0,0,1,1,1,3,3,3,1,3,3,10,14,1,0,0,1,0,0,0,0,0,1,0,0,0,0,0,1,0,1,0
203,1,17,0,0,1,1,2,1,2,0,0,0,0,0,1,1,0,0,3,1,3,1,5,3,6,10,1,0,1,0,0,0,0,0,0,1,0,0,0,1,0,0,0,1,0
204,0,16,1,0,1,2,3,1,2,0,0,0,0,0,1,1,1,0,4,3,3,1,1,2,6,13,1,0,0,0,0,1,0,0,0,0,1,0,1,0,0,0,0,1,0
205,0,17,1,0,1,1,1,1,2,0,0,0,0,1,1,1,1,0,5,3,3,1,1,3,0,12,1,0,1,0,0,0,0,0,0,0,1,0,1,0,0,0,0,1,0
206,1,17,1,0,1,1,2,2,2,0,0,0,0,1,0,1,1,0,4,4,4,4,5,5,16,12,1,0,1,0,0,0,0,0,0,0,1,0,0,0,1,0,0,0,1
207,1,16,0,0,1,3,3,1,1,0,0,1,0,1,1,1,1,0,4,3,2,3,4,5,0,10,1,0,0,0,0,1,0,0,0,0,1,0,0,0,0,1,0,1,0
208,1,16,1,0,1,2,3,2,1,0,0,0,0,0,1,1,1,0,5,3,3,1,1,3,0,12,1,0,0,0,1,0,0,0,0,1,0,0,0,1,0,0,1,0,0
209,0,17,1,1,1,2,4,1,2,0,0,0,0,1,1,1,1,1,4,3,2,1,1,5,8,16,1,0,0,0,0,1,0,0,0,0,1,0,1,0,0,0,1,0,0
210,1,17,1,0,1,4,4,1,1,0,0,0,0,0,1,1,1,0,5,2,3,1,2,5,4,14,1,0,0,0,0,1,0,0,0,0,0,1,0,1,0,0,0,1,0
211,1,16,0,1,1,3,3,3,1,0,0,1,0,1,1,1,1,0,3,3,4,3,5,3,16,12,1,0,0,0,0,0,1,0,0,1,0,0,0,1,0,0,1,0,0
212,0,17,1,0,1,4,4,2,1,1,0,1,0,0,1,1,1,0,4,2,4,2,3,2,30,16,1,0,0,0,0,1,0,0,0,0,0,1,0,1,0,0,0,1,0
213,0,16,1,1,1,4,4,1,2,0,0,1,0,0,1,1,1,0,4,5,2,1,2,3,0,11,1,0,0,0,0,0,1,0,0,0,0,1,0,0,0,1,0,1,0
214,0,16,1,0,1,4,3,1,2,0,0,1,0,1,1,1,1,0,4,3,5,1,5,2,2,15,1,0,0,1,0,0,0,0,0,1,0,0,0,1,0,0,0,1,0
215,0,16,1,0,1,2,3,1,2,0,1,1,0,1,1,1,0,0,4,4,3,1,3,4,4,12,1,0,0,0,1,0,0,0,0,1,0,0,0,0,0,1,0,1,0
216,0,17,1,0,1,1,1,1,2,0,0,1,0,0,0,1,0,0,4,4,4,1,3,1,0,15,1,0,0,0,1,0,0,0,0,1,0,0,1,0,0,0,0,1,0
217,0,17,0,0,1,2,2,1,1,0,0,1,0,0,1,1,1,0,5,3,2,1,2,3,21,13,1,0,0,0,1,0,0,0,0,1,0,0,0,0,0,1,0,1,0
218,0,16,0,0,1,2,2,2,4,0,0,1,0,1,0,1,1,0,5,3,5,1,1,5,6,13,1,0,0,0,0,1,0,0,0,0,1,0,0,0,0,1,0,1,0
219,0,17,1,0,1,3,4,1,3,1,0,1,1,0,1,1,1,1,4,4,3,3,4,5,14,8,1,0,1,0,0,0,0,0,0,0,1,0,0,1,0,0,0,1,0
220,0,16,1,0,0,3,1,1,2,0,0,1,0,0,1,1,1,0,2,3,3,2,2,4,2,12,1,0,0,0,0,1,0,0,0,1,0,0,1,0,0,0,0,1,0
221,0,16,1,0,1,4,3,1,2,0,0,0,0,1,1,1,1,1,1,3,2,1,1,1,4,15,1,0,0,0,0,0,1,0,0,1,0,0,0,0,1,0,0,1,0
222,0,16,1,0,1,1,1,2,1,0,0,1,0,0,1,1,0,0,4,3,2,1,4,5,2,13,1,0,1,0,0,0,0,0,0,1,0,0,0,1,0,0,0,1,0
223,0,17,0,0,1,4,3,2,3,0,0,1,0,1,1,1,1,1,4,4,2,1,1,4,0,12,1,0,0,0,0,0,1,0,0,1,0,0,0,0,0,1,0,1,0
224,0,19,1,0,1,3,3,1,4,0,0,1,0,1,1,1,1,0,4,3,3,1,2,3,4,12,1,0,0,0,1,0,0,0,0,1,0,0,0,0,0,1,0,0,1
225,1,17,1,1,1,4,4,1,2,0,0,1,0,0,1,1,1,1,5,3,5,4,5,3,15,12,1,0,0,0,0,1,0,0,0,1,0,0,0,1,0,0,0,1,0
226,0,16,1,0,0,2,2,1,2,0,1,1,0,0,1,1,1,0,3,3,4,1,1,4,0,13,1,0,0,0,1,0,0,0,0,1,0,0,0,0,0,1,0,1,0
227,1,18,1,0,1,2,2,1,2,0,0,1,0,1,1,1,1,0,4,4,4,2,4,5,10,11,1,0,0,0,0,1,0,0,0,1,0,0,0,1,0,0,0,1,0
228,0,17,0,1,1,4,4,1,1,0,0,1,0,0,1,1,0,0,5,2,1,1,2,3,6,11,1,0,0,0,0,1,0,0,0,1,0,0,0,0,1,0,0,1,0
229,0,17,1,1,1,3,2,2,2,0,0,0,0,0,1,1,1,0,4,4,4,1,3,1,2,15,1,0,0,0,1,0,0,0,0,1,0,0,0,0,0,1,0,1,0
230,0,17,1,0,1,4,3,1,2,0,0,0,0,0,1,1,1,1,3,4,5,2,4,1,16,10,1,0,0,0,1,0,0,0,0,1,0,0,0,0,0,1,0,1,0
231,1,18,1,1,1,3,3,1,2,0,0,1,0,0,1,1,1,0,3,2,4,2,4,4,10,10,1,0,0,0,0,1,0,0,1,0,0,0,0,1,0,0,1,0,0
232,0,17,1,0,1,2,3,2,1,0,0,1,0,0,1,1,0,0,3,3,3,1,4,3,4,13,1,0,1,0,0,0,0,0,0,1,0,0,0,1,0,0,1,0,0
233,0,17,1,0,1,2,2,1,3,0,0,1,0,1,1,1,1,0,4,3,3,1,1,4,0,13,1,0,1,0,0,0,0,1,0,0,0,0,1,0,0,0,0,1,0
234,0,17,0,0,1,2,1,2,2,0,0,1,0,1,1,1,1,0,4,2,5,1,2,5,0,11,1,0,1,0,0,0,0,0,0,0,1,0,0,0,0,1,0,1,0
235,0,17,1,0,1,1,1,1,3,0,0,1,0,1,1,1,0,1,4,3,4,1,1,5,12,12,1,0,1,0,0,0,0,0,0,1,0,0,0,0,0,1,0,1,0
236,0,16,1,0,1,2,3,1,2,0,1,0,0,0,1,1,1,0,2,3,1,1,1,3,0,14,1,0,0,0,0,1,0,0,0,0,0,1,0,0,1,0,0,1,0
237,1,18,1,0,1,2,2,2,2,3,0,1,1,0,1,1,1,0,3,3,3,5,5,4,9,10,1,0,0,0,1,0,0,0,0,1,0,0,0,1,0,0,0,1,0
238,0,16,1,0,1,4,4,1,3,0,0,1,0,1,0,1,1,0,5,3,2,1,1,5,4,16,1,0,0,0,0,0,1,0,0,0,1,0,0,1,0,0,0,1,0
239,0,18,0,0,1,3,1,1,2,0,0,0,0,1,1,1,1,1,5,3,3,1,1,4,4,8,1,0,0,0,1,0,0,0,0,1,0,0,0,0,0,1,0,1,0
240,0,17,1,0,1,3,2,1,2,0,0,0,0,1,0,1,1,0,5,3,4,1,3,3,2,17,1,0,0,0,1,0,0,0,0,1,0,0,1,0,0,0,0,1,0
241,1,17,1,1,1,2,3,1,2,0,0,1,0,0,0,1,1,0,5,3,3,1,3,3,0,11,1,0,0,0,0,1,0,0,0,0,1,0,0,0,0,1,1,0,0
242,1,18,1,1,1,2,1,4,2,0,1,1,0,1,1,1,1,1,4,3,2,4,5,3,2,11,1,0,1,0,0,0,0,0,0,1,0,0,1,0,0,0,0,1,0
243,0,17,1,0,0,2,1,2,3,0,0,0,0,1,1,1,1,1,3,2,3,1,2,3,0,16,1,0,0,0,1,0,0,0,0,1,0,0,1,0,0,0,0,1,0
244,0,17,1,1,1,4,3,1,2,0,0,0,0,1,1,1,1,1,3,2,3,1,2,3,0,12,1,0,0,1,0,0,0,0,0,1,0,0,0,0,0,1,1,0,0
245,1,17,0,0,1,2,2,2,2,0,0,1,0,1,1,1,1,0,4,5,2,1,1,1,0,13,1,0,0,0,1,0,0,0,0,1,0,0,1,0,0,0,1,0,0
246,1,17,1,0,1,4,4,1,2,0,1,1,0,1,1,1,1,1,4,5,5,1,3,2,0,13,1,0,0,0,0,0,1,0,0,0,0,1,0,0,0,1,0,1,0
247,1,16,1,0,1,4,4,1,2,0,0,1,0,1,1,1,1,0,4,2,4,2,4,1,0,14,1,0,0,1,0,0,0,0,0,1,0,0,0,0,0,1,1,0,0
248,1,16,1,1,1,1,1,2,2,0,0,1,0,0,1,1,1,0,3,4,2,1,1,5,2,9,1,0,0,0,1,0,0,0,0,1,0,0,0,1,0,0,0,1,0
249,1,16,1,0,1,3,2,2,3,0,0,0,0,1,1,1,1,1,5,3,3,1,3,2,0,12,1,0,1,0,0,0,0,0,0,1,0,0,0,0,0,1,0,1,0
250,1,17,1,1,1,2,2,1,2,0,0,0,0,1,0,1,1,1,4,4,2,5,5,4,0,16,1,0,0,0,1,0,0,0,0,1,0,0,0,1,0,0,1,0,0
251,0,16,1,0,1,2,1,1,1,0,0,0,0,0,1,1,1,1,4,5,2,1,1,5,4,10,1,0,0,0,1,0,0,0,0,1,0,0,0,1,0,0,0,1,0
252,0,16,1,0,0,4,1,1,2,0,0,0,0,1,1,1,1,1,5,3,3,1,2,5,0,13,1,0,0,0,1,0,0,0,0,1,0,0,0,1,0,0,0,1,0
253,0,18,1,1,0,2,4,2,2,1,0,1,0,0,1,1,1,0,4,3,3,1,1,3,18,10,1,0,0,0,0,1,0,0,0,1,0,0,1,0,0,0,0,1,0
254,0,18,1,1,1,2,2,1,2,1,0,1,0,0,0,1,1,1,5,3,1,1,1,5,16,10,1,0,1,0,0,0,0,0,0,0,1,0,1,0,0,0,0,1,0
255,0,18,1,0,1,3,3,2,1,1,0,0,0,0,1,0,1,0,4,1,1,1,1,3,14,7,1,0,0,0,1,0,0,0,0,1,0,0,1,0,0,0,0,1,0
256,1,18,1,0,1,2,2,1,1,1,0,1,0,1,0,0,1,1,4,4,3,2,2,1,26,8,1,0,0,0,1,0,0,1,0,0,0,0,1,0,0,0,0,0,1
257,1,17,1,0,1,4,4,1,1,0,0,1,0,1,0,1,1,0,4,2,1,1,2,5,6,9,1,0,0,0,0,0,1,0,0,0,0,1,1,0,0,0,0,1,0
258,0,17,1,0,1,3,2,1,2,0,0,0,0,1,1,1,0,0,5,4,2,1,1,3,4,15,1,0,0,0,1,0,0,0,0,1,0,0,1,0,0,0,1,0,0
259,0,17,1,1,1,1,1,1,3,0,0,1,0,1,1,1,1,1,4,3,2,1,2,4,10,10,1,0,1,0,0,0,0,1,0,0,0,0,1,0,0,0,0,1,0
260,0,16,1,0,1,1,2,1,1,0,0,0,0,0,1,0,1,0,5,3,5,1,2,5,4,11,1,0,0,0,1,0,0,0,0,1,0,0,1,0,0,0,0,1,0
261,0,17,0,0,1,2,1,3,2,0,0,0,0,1,1,1,0,0,2,1,1,1,1,3,2,13,1,0,1,0,0,0,0,0,0,0,1,0,1,0,0,0,0,1,0
262,0,17,0,1,0,1,4,4,1,1,0,1,0,0,1,1,1,0,5,5,4,1,1,5,14,8,1,0,0,0,1,0,0,0,0,1,0,0,1,0,0,0,0,0,1
263,1,18,1,0,1,2,2,1,2,0,0,0,0,0,1,0,1,0,5,5,4,3,5,2,16,8,1,0,0,0,1,0,0,0,0,0,1,0,0,0,0,1,1,0,0
264,0,17,1,1,0,2,2,1,1,1,0,1,0,0,0,0,1,0,3,1,2,1,1,1,8,10,1,0,0,0,1,0,0,0,0,1,0,0,0,1,0,0,0,1,0
265,0,17,0,1,1,1,1,2,3,0,0,0,0,1,1,1,1,0,4,3,3,1,3,5,4,15,1,0,1,0,0,0,0,0,0,1,0,0,1,0,0,0,0,1,0
266,0,17,1,1,0,4,2,1,2,0,0,1,0,1,1,1,0,0,4,3,2,1,1,4,4,14,1,0,0,0,0,0,1,0,0,1,0,0,1,0,0,0,0,1,0
267,1,17,1,1,1,4,3,2,2,0,0,0,0,1,1,1,1,1,2,5,5,1,4,5,8,15,1,0,0,1,0,0,0,0,0,1,0,0,1,0,0,0,0,1,0
268,1,17,0,1,0,4,4,2,2,0,0,1,0,0,1,1,1,0,3,3,3,2,3,4,0,12,1,0,0,0,0,0,1,0,0,1,0,0,1,0,0,0,0,1,0
269,1,16,1,1,1,4,3,1,1,0,0,0,0,1,0,1,1,0,5,4,5,1,1,3,7,15,1,0,0,0,0,0,1,0,0,1,0,0,1,0,0,0,0,1,0
270,1,16,1,0,1,4,4,1,1,0,0,0,1,1,1,1,1,0,5,3,2,1,2,5,4,15,1,0,0,0,0,1,0,0,0,0,1,0,1,0,0,0,0,1,0
271,0,17,1,0,1,4,4,1,2,0,0,1,1,0,1,1,1,1,5,3,1,1,4,5,2,12,1,0,0,0,0,0,1,0,0,0,1,0,1,0,0,0,0,1,0
272,1,17,0,0,1,1,1,2,3,0,0,0,0,0,0,1,1,1,4,3,3,1,1,1,2,15,1,0,0,0,1,0,0,0,0,1,0,0,0,1,0,0,1,0,0
273,0,17,1,0,1,3,3,2,3,0,0,1,0,0,1,1,1,1,4,2,2,2,3,5,10,11,1,0,0,0,0,1,0,0,0,1,0,0,0,1,0,0,0,1,0
274,0,17,1,0,1,1,1,1,2,0,1,0,0,0,0,1,0,1,4,3,2,1,1,4,10,10,1,0,1,0,0,0,0,0,0,1,0,0,1,0,0,0,0,1,0
275,0,18,1,0,1,2,1,2,3,0,0,1,0,0,0,1,1,1,4,4,4,1,1,3,10,11,1,0,0,0,1,0,0,0,0,1,0,0,1,0,0,0,0,0,1
276,1,16,1,0,1,2,1,3,1,0,0,0,0,0,1,1,1,0,4,3,3,1,1,4,7,16,1,0,0,0,1,0,0,0,0,1,0,0,1,0,0,0,0,1,0
277,0,17,1,0,1,1,1,1,2,0,0,1,0,0,1,1,0,0,4,3,4,1,2,5,4,11,1,0,0,0,1,0,0,0,0,0,1,0,1,0,0,0,1,0,0
278,1,17,1,0,1,2,3,2,1,0,0,0,0,0,1,1,1,0,5,2,2,1,1,2,2,13,1,0,0,0,1,0,0,0,0,1,0,0,1,0,0,0,1,0,0
279,1,22,1,0,1,3,1,1,1,3,0,0,0,0,0,0,1,1,5,4,5,5,5,1,12,5,1,0,0,0,0,1,0,0,0,0,1,0,0,0,1,0,0,1,0
280,1,18,0,1,1,3,3,1,2,0,0,1,0,0,1,1,1,1,4,3,3,1,3,5,8,10,1,0,0,0,1,0,0,0,0,0,1,0,1,0,0,0,0,1,0
281,1,16,1,0,1,0,2,1,1,0,0,0,0,0,0,1,1,0,4,3,2,2,4,5,0,11,1,0,0,0,1,0,0,0,0,1,0,0,0,0,1,0,0,1,0
282,1,18,1,0,1,3,2,2,1,0,0,0,0,0,1,0,1,0,4,4,5,2,4,5,8,7,1,0,0,0,0,1,0,0,0,1,0,0,1,0,0,0,0,1,0
283,1,16,1,0,1,3,3,3,2,1,1,1,0,0,0,1,1,0,5,3,3,1,3,2,4,10,1,0,1,0,0,0,0,0,0,1,0,0,0,0,0,1,0,0,1
284,1,18,1,0,1,2,1,1,1,2,0,0,0,0,0,0,1,0,3,2,5,2,5,5,4,6,1,0,0,0,0,1,0,0,0,0,1,0,0,0,1,0,0,1,0
285,1,16,0,0,1,2,1,2,1,0,0,0,0,1,0,1,0,0,3,3,2,1,3,3,2,12,1,0,0,0,1,0,0,0,0,1,0,0,1,0,0,0,0,1,0
286,1,17,0,0,1,2,1,1,1,0,0,0,0,0,0,1,1,0,4,4,2,2,4,5,0,13,1,0,0,0,1,0,0,0,0,1,0,0,1,0,0,0,0,1,0
287,1,17,1,1,1,1,1,2,1,1,0,1,0,1,1,1,1,0,4,4,4,1,2,5,0,10,1,0,0,1,0,0,0,0,0,1,0,0,1,0,0,0,0,1,0
288,0,18,1,1,0,2,1,1,2,0,0,1,0,0,0,1,1,1,4,3,4,1,3,5,2,13,1,0,0,0,1,0,0,0,0,1,0,0,1,0,0,0,0,1,0
289,0,17,1,1,1,4,2,1,4,0,0,1,0,1,1,1,1,0,4,2,3,1,1,4,2,17,1,0,0,0,0,0,1,0,0,0,1,0,0,0,0,1,0,1,0
290,0,19,1,0,1,2,2,1,2,0,0,1,0,0,1,1,1,0,4,3,3,1,1,5,0,11,1,0,0,0,0,1,0,0,0,0,1,0,0,1,0,0,0,1,0
291,1,18,1,1,1,2,1,3,2,1,0,0,0,1,0,0,1,0,4,4,5,4,4,5,4,11,1,0,0,0,0,1,0,0,0,1,0,0,1,0,0,0,0,1,0
292,0,17,0,0,1,4,2,1,3,0,0,1,0,1,1,1,1,0,4,3,4,1,3,5,2,14,1,0,0,0,1,0,0,0,0,1,0,0,1,0,0,0,0,1,0
293,0,18,1,1,1,1,1,1,3,0,0,1,0,0,0,1,0,0,4,4,3,2,3,3,4,14,1,0,0,0,1,0,0,1,0,0,0,0,0,1,0,0,0,1,0
294,0,18,0,0,1,2,2,1,2,0,1,0,0,0,1,1,0,0,3,2,3,1,1,5,4,13,1,0,0,0,1,0,0,0,0,1,0,0,0,1,0,0,0,1,0
295,1,19,1,1,0,4,3,1,2,0,0,1,0,0,1,1,1,0,4,3,1,1,1,1,4,14,1,0,0,0,0,1,0,1,0,0,0,0,0,0,0,1,0,1,0
296,1,18,1,0,1,2,1,1,2,0,0,0,0,1,1,1,1,0,5,2,4,1,2,4,2,16,1,0,0,0,1,0,0,0,0,1,0,0,0,1,0,0,0,1,0
297,1,17,0,0,1,2,2,2,1,0,0,0,0,0,0,0,0,0,5,2,2,1,1,4,0,10,1,0,0,0,1,0,0,0,0,0,1,0,0,0,1,0,0,1,0
298,0,17,1,1,1,2,2,1,4,0,0,0,0,1,1,1,1,1,3,4,1,1,1,2,2,12,1,0,0,0,0,1,0,0,0,0,1,0,1,0,0,0,1,0,0
299,0,20,0,0,1,2,1,2,2,0,0,1,1,1,1,0,1,1,1,2,3,1,2,2,8,12,1,0,0,0,1,0,0,0,0,1,0,0,1,0,0,0,0,0,1
300,0,18,1,0,1,4,3,1,2,0,0,1,0,0,1,1,1,1,3,1,2,1,3,2,2,15,1,0,0,0,0,1,0,0,0,1,0,0,0,1,0,0,1,0,0
301,1,18,1,0,1,4,3,1,2,0,0,1,0,0,0,1,1,0,4,3,2,1,1,3,2,11,1,0,0,0,0,0,1,0,0,1,0,0,1,0,0,0,0,1,0
302,1,18,0,0,1,3,2,1,3,0,0,0,0,1,0,1,0,0,5,3,2,1,1,3,2,12,1,0,0,0,1,0,0,0,0,1,0,0,1,0,0,0,0,1,0
303,0,17,1,0,1,3,3,1,3,0,0,0,0,1,0,1,0,0,3,2,3,1,1,4,2,13,1,0,0,0,1,0,0,0,0,1,0,0,0,1,0,0,0,1,0
304,0,18,1,0,1,2,2,1,3,0,0,1,0,1,1,1,1,1,4,3,3,1,1,3,0,13,1,0,1,0,0,0,0,0,0,0,1,0,0,1,0,0,0,1,0
305,1,17,1,0,1,2,2,2,1,0,0,0,0,0,1,0,1,0,4,4,4,2,3,4,8,9,1,0,0,0,1,0,0,0,0,1,0,0,0,1,0,0,1,0,0
306,1,18,0,1,0,3,4,2,2,0,0,1,0,1,1,1,1,0,4,2,5,3,4,1,6,16,1,0,0,0,1,0,0,0,0,1,0,0,0,0,0,1,0,1,0
307,1,17,1,0,1,3,1,1,2,0,0,0,0,1,1,1,1,1,5,4,4,3,4,5,0,14,1,0,0,0,0,1,0,0,0,1,0,0,0,0,1,0,0,1,0
308,0,18,0,0,1,4,4,2,2,0,0,0,0,1,1,1,1,0,4,3,4,2,2,4,8,12,1,0,0,0,0,0,1,0,0,1,0,0,0,0,0,1,0,1,0
309,1,18,1,0,1,4,2,1,2,0,0,1,0,1,1,1,1,1,5,4,5,1,3,5,4,14,1,0,0,1,0,0,0,0,0,1,0,0,0,0,0,1,1,0,0
310,0,18,0,0,1,2,1,2,2,0,0,1,0,0,1,0,1,1,4,3,5,1,2,3,12,10,1,0,0,0,1,0,0,0,0,1,0,0,0,0,0,1,0,1,0
311,0,19,1,0,1,3,3,1,2,0,0,1,0,1,1,1,1,0,4,3,5,3,3,5,16,12,1,0,0,0,1,0,0,0,0,0,1,0,0,1,0,0,0,0,1
312,0,18,1,0,1,2,3,1,4,0,0,1,0,1,1,1,1,1,4,5,5,1,3,2,10,16,1,0,0,0,1,0,0,0,0,0,1,0,0,0,0,1,1,0,0
313,0,18,1,1,1,1,1,2,2,0,0,1,0,0,0,1,0,0,4,4,3,1,1,3,2,13,1,0,0,0,1,0,0,0,0,1,0,0,0,1,0,0,0,1,0
314,1,17,0,0,1,1,2,1,2,0,0,1,0,1,0,1,0,1,3,5,2,2,2,1,2,18,1,0,1,0,0,0,0,1,0,0,0,0,0,1,0,0,0,1,0
315,0,18,1,0,1,2,1,1,2,0,0,1,0,0,1,1,1,1,4,2,5,1,2,1,8,15,1,0,0,0,1,0,0,0,0,1,0,0,0,1,0,0,0,1,0
316,0,17,1,0,1,2,4,2,2,0,0,1,0,0,1,1,1,1,4,3,3,1,1,1,6,16,1,0,1,0,0,0,0,0,1,0,0,0,0,0,0,1,0,1,0
317,0,17,1,1,1,2,2,2,2,0,1,1,0,0,1,1,1,1,4,4,4,2,3,5,6,12,1,0,0,0,0,1,0,0,0,1,0,0,1,0,0,0,0,1,0
318,0,18,0,0,0,3,2,2,2,0,0,0,0,0,0,0,1,1,4,1,1,1,1,5,15,10,1,0,0,0,1,0,0,0,0,0,1,0,0,1,0,0,0,1,0
319,1,18,1,0,1,4,4,2,1,0,0,0,0,1,1,1,1,0,3,2,4,1,4,3,6,12,1,0,0,0,0,0,1,0,0,0,1,0,0,1,0,0,0,1,0
320,0,18,1,0,1,4,4,1,2,1,1,1,0,1,1,1,1,1,2,4,4,1,1,4,2,13,1,0,0,1,0,0,0,0,1,0,0,0,0,0,0,1,1,0,0
321,0,17,1,0,1,2,2,3,3,0,0,1,0,0,1,1,1,1,4,2,3,1,1,1,8,15,1,0,0,0,1,0,0,0,0,0,1,0,0,0,0,1,1,0,0
322,0,19,0,0,1,3,2,1,2,1,1,1,0,0,1,0,1,0,3,3,3,4,3,3,0,10,1,0,0,0,0,1,0,0,0,0,1,0,0,0,0,1,1,0,0
323,1,18,1,1,1,4,3,2,1,0,0,0,0,1,1,1,1,0,4,2,3,1,2,1,0,10,1,0,0,0,0,0,1,0,0,0,1,0,1,0,0,0,0,1,0
324,1,18,1,0,1,1,2,2,1,0,0,0,0,0,0,0,1,0,3,4,4,2,4,4,10,11,1,0,1,0,0,0,0,0,0,1,0,0,0,1,0,0,0,0,1
325,1,17,1,1,0,4,1,2,1,0,0,0,0,1,1,1,1,1,4,5,4,2,4,5,22,10,1,0,0,0,0,1,0,0,0,1,0,0,0,1,0,0,0,1,0
326,1,17,1,1,0,3,2,1,1,0,0,0,0,0,1,1,1,0,4,4,4,3,4,3,18,13,1,0,0,0,0,0,1,0,0,0,1,0,0,1,0,0,0,1,0
327,0,18,0,1,1,1,1,2,4,0,0,1,0,1,1,1,0,0,5,2,2,1,1,3,2,18,1,0,1,0,0,0,0,0,0,1,0,0,0,0,0,1,0,1,0
328,0,18,1,0,1,1,1,2,2,0,1,0,0,1,1,1,1,0,5,4,4,1,1,4,0,13,1,0,0,0,1,0,0,0,0,1,0,0,0,1,0,0,0,1,0
329,0,17,1,0,1,2,2,1,2,0,0,1,0,0,0,1,1,0,5,4,5,1,2,5,12,14,1,0,0,0,1,0,0,0,0,1,0,0,1,0,0,0,0,1,0
330,0,18,1,0,1,2,1,2,2,0,0,0,0,1,1,1,1,1,4,3,1,1,1,5,10,14,1,0,0,0,1,0,0,0,0,1,0,0,0,0,0,1,0,1,0
331,1,17,1,0,1,1,1,1,2,0,0,0,0,0,0,1,1,0,4,3,3,1,2,4,0,12,1,0,0,0,1,0,0,0,0,1,0,0,0,0,0,1,1,0,0
332,0,18,1,0,1,2,2,1,3,0,0,1,0,0,1,1,1,0,4,3,3,1,2,2,0,18,1,0,1,0,0,0,0,1,0,0,0,0,0,0,1,0,0,1,0
333,0,17,1,0,1,1,1,1,3,0,0,1,0,0,1,1,1,0,4,3,3,1,1,3,0,14,1,0,0,0,0,1,0,0,0,0,0,1,0,0,0,1,0,1,0
334,1,18,1,0,1,2,1,1,3,0,0,0,0,1,1,1,1,0,4,2,4,1,3,2,0,15,1,0,0,0,0,1,0,0,0,0,1,0,0,0,0,1,0,1,0
335,1,18,1,1,0,4,4,1,2,0,0,1,0,1,1,1,1,0,5,4,3,1,1,2,0,17,1,0,0,0,0,0,1,0,0,0,0,1,0,0,0,1,0,1,0
336,1,18,1,0,1,4,2,1,2,0,0,1,0,1,1,1,1,1,4,3,2,1,4,5,2,16,1,0,0,0,0,0,1,0,0,1,0,0,0,1,0,0,0,1,0
337,0,17,1,0,1,4,3,1,3,0,0,1,0,0,1,1,1,0,4,2,2,1,2,3,0,18,1,0,0,1,0,0,0,0,0,0,1,0,0,0,0,1,0,1,0
338,0,17,0,1,1,3,1,2,4,0,0,1,0,0,1,1,0,0,3,1,2,1,1,3,0,19,1,0,0,0,0,1,0,0,0,1,0,0,0,0,0,1,0,1,0
339,1,18,0,1,1,3,2,2,3,0,0,1,0,1,1,1,1,0,5,4,2,1,1,4,0,15,1,0,0,0,0,1,0,0,0,1,0,0,0,0,0,1,0,1,0
340,1,17,1,0,1,3,3,1,1,0,0,1,0,0,1,1,1,0,4,4,3,1,3,5,0,15,1,0,0,1,0,0,0,0,0,1,0,0,0,1,0,0,0,1,0
341,0,19,1,0,1,4,4,2,2,0,0,1,0,1,1,1,1,0,2,3,4,2,3,2,2,13,1,0,0,1,0,0,0,0,0,1,0,0,0,0,0,1,0,0,1
342,0,18,1,1,1,4,3,2,2,0,0,1,0,0,1,1,1,1,4,4,5,1,2,2,0,14,1,0,0,0,1,0,0,0,0,1,0,0,0,1,0,0,0,0,1
343,0,18,1,0,1,4,3,1,4,0,0,1,0,0,1,1,1,0,4,3,3,1,1,3,0,17,1,0,0,0,1,0,0,0,0,1,0,0,0,0,0,1,1,0,0
344,1,18,1,1,1,4,4,1,1,0,0,1,0,0,1,1,1,1,1,4,2,2,2,1,0,17,1,0,0,0,0,0,1,0,0,0,0,1,0,1,0,0,0,1,0
345,0,18,1,1,0,4,4,1,2,0,0,1,1,0,1,1,1,1,4,2,4,1,1,4,0,15,1,0,0,1,0,0,0,0,0,1,0,0,0,1,0,0,0,1,0
346,1,17,1,1,1,4,4,2,1,0,0,0,0,0,1,1,1,0,4,1,1,2,2,5,0,13,1,0,0,0,1,0,0,0,0,0,0,1,0,1,0,0,1,0,0
347,0,17,0,0,1,4,4,2,3,0,0,1,0,1,1,1,1,0,5,3,4,1,1,5,0,8,1,0,0,0,0,1,0,0,0,0,1,0,0,0,0,1,0,1,0
348,0,17,1,0,1,4,2,2,3,0,0,1,0,0,1,1,1,0,4,3,3,1,1,3,0,16,1,0,0,0,1,0,0,0,0,1,0,0,0,0,0,1,0,1,0
349,0,17,1,0,1,3,2,1,4,0,0,1,0,1,0,1,1,0,5,2,2,1,2,5,0,18,1,0,0,1,0,0,0,0,1,0,0,0,0,0,0,1,1,0,0
350,1,19,0,1,1,2,1,2,3,1,0,0,0,1,1,1,1,1,4,3,1,1,1,5,0,11,1,0,1,0,0,0,0,0,0,0,1,0,1,0,0,0,0,1,0
351,1,20,1,0,0,3,2,1,1,2,0,0,0,1,1,1,0,0,5,5,3,1,1,5,0,15,1,0,0,0,0,1,0,0,0,1,0,0,1,0,0,0,0,0,1
352,1,19,0,0,1,3,3,1,2,0,0,0,0,1,1,1,0,1,4,5,3,1,2,5,0,11,1,0,0,0,1,0,0,0,0,0,1,0,0,0,0,1,1,0,0
353,0,18,1,0,1,1,4,1,2,0,1,1,0,0,0,1,0,1,3,4,4,1,2,5,2,11,1,0,0,0,1,0,0,0,0,0,0,1,0,1,0,0,0,1,0
354,0,18,1,0,1,2,1,2,2,0,0,1,0,1,1,1,1,0,5,3,3,1,2,1,2,15,1,0,0,0,0,1,0,0,0,1,0,0,1,0,0,0,0,1,0
355,0,17,1,0,1,2,3,2,2,0,0,0,0,1,1,1,1,1,4,2,1,1,1,3,2,14,1,0,0,0,1,0,0,0,0,1,0,0,1,0,0,0,1,0,0
356,0,17,0,0,1,4,4,1,1,0,0,0,0,1,1,1,1,0,4,4,4,1,1,5,2,17,1,0,0,0,0,0,1,0,0,0,0,1,1,0,0,0,0,1,0
357,0,18,1,0,1,4,3,1,3,0,0,1,0,1,1,1,1,1,4,3,4,1,1,5,2,17,1,0,0,0,1,0,0,0,0,1,0,0,1,0,0,0,0,1,0
358,0,18,1,1,1,4,3,2,1,0,0,1,0,0,1,1,1,0,3,2,4,1,4,1,8,15,1,0,0,1,0,0,0,0,0,0,1,0,1,0,0,0,0,1,0
359,0,17,0,0,1,3,4,1,3,0,0,1,0,1,0,1,1,0,4,3,4,2,5,5,2,17,1,0,1,0,0,0,0,0,0,0,1,0,1,0,0,0,1,0,0
360,0,18,1,0,1,3,3,1,2,0,0,1,0,0,1,1,1,0,4,1,4,1,1,3,8,14,1,0,1,0,0,0,0,0,0,1,0,0,1,0,0,0,1,0,0
361,1,19,1,0,1,4,2,2,2,0,0,1,0,1,1,1,1,1,5,4,4,1,1,1,9,10,1,0,0,1,0,0,0,0,0,1,0,0,1,0,0,0,0,1,0
362,0,18,1,0,1,4,4,1,2,0,0,1,0,0,1,1,1,0,4,4,4,3,3,5,0,13,1,0,0,0,0,0,1,0,0,1,0,0,1,0,0,0,0,1,0
363,0,18,1,0,1,3,4,1,1,0,0,1,0,1,1,1,1,1,5,4,4,1,1,1,4,14,1,0,0,0,1,0,0,0,0,1,0,0,1,0,0,0,0,1,0
364,0,17,1,0,1,4,4,1,1,0,0,0,0,1,1,1,1,0,5,3,4,1,2,5,2,17,1,0,0,1,0,0,0,0,1,0,0,0,1,0,0,0,0,1,0
365,0,17,1,0,0,4,3,1,2,0,0,1,0,0,1,1,1,1,5,2,2,1,2,5,14,17,1,0,0,0,0,1,0,0,0,0,1,0,1,0,0,0,0,1,0
366,0,17,1,1,0,3,3,1,2,0,1,1,0,0,1,1,1,0,5,3,3,1,1,5,0,13,1,0,0,0,0,1,0,0,0,1,0,0,0,1,0,0,0,1,0
367,0,17,1,1,1,2,1,1,2,0,0,0,0,1,1,1,1,0,4,2,3,2,2,2,2,14,1,0,0,0,1,0,0,0,0,1,0,0,0,1,0,0,1,0,0
368,1,18,1,1,1,4,4,1,1,0,0,1,0,0,1,1,1,0,4,2,5,3,4,5,2,11,1,0,0,0,1,0,0,0,0,1,0,0,0,0,0,1,1,0,0
369,0,19,1,0,1,1,1,3,3,0,0,0,0,1,1,0,0,1,1,5,5,4,3,5,12,11,1,0,0,0,1,0,0,0,0,1,0,0,1,0,0,0,0,0,1
370,0,19,1,1,0,1,1,3,2,2,0,1,0,0,0,1,1,1,5,3,4,1,1,4,2,9,1,0,0,0,1,0,0,0,0,1,0,0,1,0,0,0,0,0,1
371,0,18,1,0,1,2,2,1,1,0,0,1,0,1,1,1,1,1,4,3,5,2,4,5,2,10,1,0,0,0,1,0,0,0,0,1,0,0,1,0,0,0,0,1,0
372,0,17,1,0,1,2,2,1,2,0,0,1,0,0,1,1,0,1,4,2,2,1,1,3,4,13,1,0,0,0,1,0,0,0,0,1,0,0,1,0,0,0,0,1,0
373,0,17,0,1,1,2,2,1,3,0,0,1,0,1,1,1,1,0,3,3,2,2,2,3,0,10,1,0,0,0,0,1,0,0,0,0,1,0,1,0,0,0,0,1,0
374,0,17,1,0,1,3,1,1,3,0,0,1,0,0,0,1,1,0,3,4,3,2,3,5,0,17,1,0,0,0,0,1,0,0,0,0,1,0,1,0,0,0,1,0,0
375,0,17,1,1,1,0,2,2,3,0,0,0,0,0,1,1,1,0,3,3,3,2,3,2,0,15,1,0,1,0,0,0,0,1,0,0,0,0,0,1,0,0,1,0,0
376,0,18,1,0,1,1,1,2,3,0,0,0,0,1,1,1,1,0,4,5,5,1,2,2,0,14,1,0,0,0,1,0,0,0,0,1,0,0,0,1,0,0,0,1,0
377,1,18,1,0,1,4,4,1,3,0,0,0,0,1,1,1,1,0,4,3,3,2,2,3,0,13,1,0,0,0,1,0,0,0,0,1,0,0,1,0,0,0,0,1,0
378,1,17,1,0,1,3,3,1,1,0,0,0,0,1,0,1,1,0,4,3,5,3,5,5,0,17,1,0,0,0,1,0,0,0,0,0,1,0,0,0,0,1,0,1,0
379,1,17,0,0,1,2,2,4,1,0,0,1,0,0,1,1,1,0,4,4,5,5,5,4,2,10,1,0,0,0,0,1,0,0,0,1,0,0,1,0,0,0,0,1,0
380,0,17,1,0,1,4,4,1,3,0,0,1,0,1,1,1,1,0,5,4,4,1,3,4,0,13,1,0,0,0,0,0,1,0,0,0,1,0,1,0,0,0,0,1,0
381,0,17,1,0,1,4,4,2,3,0,0,1,0,0,0,1,1,1,4,3,3,1,2,4,4,15,1,0,0,0,0,0,1,0,0,0,0,1,1,0,0,0,0,1,0
382,0,17,1,0,1,3,3,1,1,0,0,1,1,1,1,1,1,0,4,2,5,2,5,5,2,11,1,0,1,0,0,0,0,0,0,1,0,0,1,0,0,0,0,1,0
383,1,18,1,1,1,2,2,1,4,0,0,1,1,1,1,1,1,0,4,5,5,2,4,5,0,12,1,0,0,0,1,0,0,0,0,1,0,0,1,0,0,0,0,1,0
384,1,19,0,0,1,3,2,1,1,0,0,1,0,0,0,1,0,1,5,3,4,2,2,5,0,10,1,0,1,0,0,0,0,0,0,0,1,0,0,1,0,0,0,0,1
385,0,18,1,0,1,2,2,4,2,0,0,0,0,1,1,1,0,1,4,2,5,1,1,2,2,10,1,0,1,0,0,0,0,0,0,1,0,0,1,0,0,0,0,1,0
386,0,17,0,0,1,2,4,1,3,0,0,1,0,0,1,1,1,1,4,4,3,1,1,5,0,15,1,0,1,0,0,0,0,0,0,1,0,0,1,0,0,0,1,0,0
387,1,18,1,0,1,2,2,1,1,0,0,0,0,0,0,1,1,0,5,4,2,1,2,5,6,15,1,0,0,0,1,0,0,0,0,1,0,0,0,0,0,1,0,1,0
388,0,18,1,0,1,3,3,1,2,0,0,0,0,1,1,1,1,0,5,3,4,1,1,4,8,12,1,0,0,0,0,1,0,0,0,0,1,0,0,1,0,0,0,1,0
389,0,18,1,1,1,2,2,1,2,0,0,0,0,1,0,1,1,1,4,3,3,1,1,2,0,12,1,0,0,0,1,0,0,0,0,1,0,0,0,1,0,0,0,0,1
390,0,18,0,0,1,2,2,2,4,0,0,0,0,1,1,1,0,0,4,4,4,1,1,4,6,14,1,0,1,0,0,0,0,0,0,1,0,0,1,0,0,0,0,1,0
391,0,17,1,0,1,3,4,1,3,0,0,0,0,0,1,1,1,0,4,4,5,1,3,5,8,14,1,0,0,0,0,1,0,0,0,1,0,0,1,0,0,0,0,1,0
392,0,17,1,0,1,3,2,1,2,0,0,1,0,0,1,1,1,1,4,3,2,2,3,2,0,15,1,0,0,0,1,0,0,0,0,1,0,0,0,1,0,0,0,1,0
393,0,18,1,1,1,3,3,1,4,0,0,1,0,0,1,1,1,0,5,3,3,1,1,1,4,15,1,0,0,0,0,1,0,0,0,0,1,0,0,1,0,0,0,1,0
394,0,17,0,0,0,3,2,1,2,0,0,1,0,0,1,1,1,0,4,3,3,2,3,2,0,16,1,0,0,0,1,0,0,0,0,1,0,0,0,1,0,0,0,1,0
395,1,18,1,0,1,4,4,1,2,0,0,1,0,1,1,1,1,0,4,3,3,2,2,2,0,13,1,0,0,0,0,0,1,0,0,0,1,0,0,1,0,0,1,0,0
396,1,18,1,1,1,3,4,1,2,0,0,0,0,1,1,1,1,1,4,3,3,1,3,5,6,17,1,0,0,0,0,1,0,0,0,1,0,0,0,1,0,0,0,1,0
397,0,17,1,0,0,2,2,1,2,0,0,1,0,0,1,1,1,1,3,3,1,1,2,4,18,14,1,0,1,0,0,0,0,1,0,0,0,0,0,1,0,0,1,0,0
398,0,18,1,0,1,2,3,1,3,0,0,1,0,0,1,1,1,0,4,3,3,1,2,3,0,14,1,0,1,0,0,0,0,0,0,1,0,0,1,0,0,0,0,1,0
399,0,18,1,0,1,3,2,1,3,0,0,0,0,0,1,1,1,1,5,4,3,2,3,1,4,17,1,0,0,0,1,0,0,0,0,0,1,0,0,0,1,0,0,1,0
400,1,18,0,0,1,4,3,1,3,0,0,0,0,0,1,1,1,1,5,3,2,1,2,4,4,17,1,0,0,0,0,0,1,0,0,0,1,0,1,0,0,0,0,1,0
401,1,18,1,0,1,4,3,1,3,0,0,1,0,0,1,1,1,1,5,4,5,2,3,5,0,14,1,0,0,0,0,0,1,0,0,1,0,0,1,0,0,0,0,1,0
402,0,17,1,0,1,4,3,1,3,0,0,1,0,1,1,1,1,1,4,4,3,1,3,4,0,13,1,0,0,1,0,0,0,0,0,1,0,0,0,0,0,1,0,1,0
403,0,17,1,0,1,2,1,2,2,0,0,1,0,1,1,1,1,1,4,3,4,2,2,1,10,15,1,0,0,0,0,1,0,0,0,1,0,0,1,0,0,0,0,1,0
404,0,17,1,0,1,2,1,1,2,0,0,1,0,1,1,1,1,0,4,3,5,2,4,4,4,16,1,0,0,0,0,1,0,0,0,1,0,0,0,0,0,1,0,1,0
405,0,19,1,1,0,2,3,2,1,1,0,0,0,0,1,0,1,0,2,2,3,3,4,5,16,11,1,0,1,0,0,0,0,0,0,1,0,0,0,1,0,0,0,0,1
406,0,17,1,0,1,3,1,1,1,1,0,1,1,0,1,1,1,1,4,1,2,1,1,3,6,13,1,0,0,0,1,0,0,1,0,0,0,0,0,1,0,0,0,1,0
407,0,21,1,1,1,4,4,1,3,2,0,0,1,1,1,1,1,0,3,3,2,1,1,5,0,12,1,0,0,0,1,0,0,0,0,1,0,0,0,0,0,1,0,0,1
408,1,18,1,1,1,2,2,1,2,0,0,1,0,1,0,0,1,0,4,4,4,1,3,3,11,12,1,0,0,0,0,1,0,0,0,0,1,0,0,0,0,1,0,1,0
409,1,18,1,1,0,3,4,1,2,0,0,0,0,1,1,1,1,1,4,3,5,1,4,2,9,15,1,0,0,0,1,0,0,0,0,1,0,0,0,0,0,1,0,0,1
410,0,17,1,0,1,2,2,1,2,0,0,1,0,1,1,1,1,0,4,3,4,1,3,4,0,17,1,0,0,0,0,1,0,0,0,0,1,0,0,0,0,1,0,1,0
411,1,17,1,1,0,4,4,1,3,0,0,1,0,0,1,1,1,0,4,4,2,1,2,4,2,15,1,0,0,1,0,0,0,0,0,1,0,0,0,0,0,1,0,1,0
412,0,18,1,1,1,4,2,1,2,0,0,1,0,1,1,1,1,0,4,2,2,1,1,3,0,17,1,0,0,0,0,0,1,0,0,1,0,0,1,0,0,0,0,1,0
413,1,21,0,1,1,1,1,2,2,2,0,1,0,1,1,0,1,1,5,3,3,5,2,4,21,10,1,0,1,0,0,0,0,0,0,1,0,0,1,0,0,0,0,0,1
414,0,20,0,0,1,1,1,2,3,0,0,0,0,0,1,1,1,1,3,2,2,1,3,3,8,15,1,0,0,0,1,0,0,0,0,1,0,0,0,0,0,1,0,0,1
415,0,19,1,0,1,4,4,1,1,1,0,1,0,0,1,1,1,1,3,2,5,4,4,5,5,11,1,0,0,0,0,0,1,0,0,1,0,0,0,1,0,0,0,0,1
416,1,17,1,1,0,3,2,1,2,0,0,1,0,0,1,1,1,0,4,4,4,1,2,5,10,18,1,0,0,0,1,0,0,0,0,1,0,0,0,0,0,1,0,1,0
417,0,18,1,0,1,3,2,1,3,0,0,1,0,0,1,1,1,1,4,3,4,1,2,2,5,17,1,0,1,0,0,0,0,0,0,1,0,0,0,0,0,1,1,0,0
418,1,18,0,0,1,2,3,1,1,0,0,0,0,0,1,1,1,0,3,1,3,4,5,4,13,14,1,0,0,0,1,0,0,0,0,0,1,0,0,0,0,1,1,0,0
419,1,19,1,0,1,2,1,1,1,0,0,0,0,0,1,1,1,0,5,3,4,1,4,4,10,11,1,0,0,0,1,0,0,0,0,1,0,0,0,0,0,1,0,1,0
420,0,18,1,1,0,2,2,2,2,0,0,1,0,0,1,1,1,0,4,1,4,1,3,4,10,17,1,0,0,0,0,1,0,0,0,1,0,0,0,0,0,1,0,1,0
421,0,20,1,0,1,1,0,2,1,1,1,0,0,0,1,1,1,1,5,3,1,1,1,5,5,10,1,0,0,0,1,0,0,0,0,1,0,0,0,0,0,1,0,1,0
422,0,18,1,0,1,3,2,1,2,0,0,1,0,1,0,1,1,1,3,1,2,1,2,1,4,13,1,0,0,0,0,1,0,0,0,1,0,0,0,1,0,0,0,1,0
423,0,16,1,0,1,1,3,2,1,0,0,1,0,0,1,0,1,1,4,3,3,1,3,5,11,11,0,1,1,0,0,0,0,0,0,1,0,0,0,0,1,0,1,0,0
424,0,16,0,0,1,2,2,2,2,0,0,1,0,1,1,1,1,0,4,4,4,1,1,5,0,12,0,1,0,0,1,0,0,0,0,1,0,0,1,0,0,0,0,1,0
425,0,15,0,0,1,1,1,1,1,1,0,1,0,0,1,1,0,1,4,1,3,1,1,2,6,10,0,1,1,0,0,0,0,0,0,0,1,0,0,0,1,0,0,1,0
426,0,15,0,0,1,3,3,2,1,0,0,1,0,0,1,1,1,0,5,4,4,2,3,5,4,11,0,1,1,0,0,0,0,0,0,1,0,0,1,0,0,0,0,1,0
427,0,16,0,0,1,2,3,2,2,0,0,0,0,0,1,1,0,0,4,5,2,1,2,5,0,17,0,1,1,0,0,0,0,0,0,0,1,0,1,0,0,0,0,1,0
428,0,15,0,1,1,2,1,2,1,0,0,0,0,0,1,0,0,0,1,3,4,1,1,1,0,9,0,1,1,0,0,0,0,0,0,1,0,0,0,1,0,0,0,1,0
429,1,16,0,1,0,4,4,1,2,0,0,1,0,0,1,1,0,0,5,3,2,1,3,2,5,11,0,1,1,0,0,0,0,0,0,1,0,0,0,1,0,0,0,1,0
430,1,16,1,0,0,1,2,1,3,0,1,0,0,0,1,1,1,0,4,4,3,1,1,5,0,11,0,1,0,0,1,0,0,0,0,1,0,0,0,0,1,0,0,1,0
431,0,17,0,0,1,3,2,1,2,1,0,0,0,0,1,1,0,1,4,5,4,1,2,5,0,10,0,1,1,0,0,0,0,0,0,1,0,0,1,0,0,0,1,0,0
432,0,17,0,0,1,1,1,1,1,1,0,1,0,0,0,0,1,0,5,4,4,2,2,5,0,7,0,1,0,0,1,0,0,0,0,1,0,0,0,0,1,0,1,0,0
433,0,15,0,0,1,4,4,2,1,0,0,0,0,0,1,1,1,1,1,5,1,3,5,5,0,14,0,1,0,0,0,0,1,0,0,1,0,0,1,0,0,0,0,1,0
434,0,16,1,1,0,2,2,2,4,0,0,0,0,1,0,0,0,1,1,2,1,1,1,1,4,11,0,1,1,0,0,0,0,0,0,1,0,0,0,0,0,1,0,1,0
435,0,15,0,1,1,1,1,2,2,0,0,1,0,0,1,1,1,0,5,4,3,1,2,4,0,10,0,1,1,0,0,0,0,0,0,0,1,0,0,0,0,1,1,0,0
436,0,15,0,1,1,1,1,2,1,1,0,1,0,0,1,1,1,1,4,4,3,1,2,2,4,8,0,1,0,0,1,0,0,0,0,0,1,0,1,0,0,0,0,1,0
437,0,16,0,0,1,0,2,2,1,0,0,1,0,1,1,1,0,0,3,2,3,1,2,2,0,12,0,1,0,0,1,0,0,0,0,1,0,0,0,0,1,0,0,1,0
438,0,17,0,0,1,2,3,2,1,0,0,1,0,0,1,1,1,0,5,5,5,1,3,3,2,12,0,1,0,0,1,0,0,0,0,1,0,0,1,0,0,0,0,1,0
439,0,15,0,0,1,3,3,2,1,0,0,0,0,0,0,1,1,0,4,1,3,1,1,4,0,16,0,1,0,0,1,0,0,0,0,0,1,0,1,0,0,0,1,0,0
440,1,16,1,0,1,1,1,2,2,0,0,1,0,1,1,1,0,1,5,4,5,4,5,3,0,0,0,1,1,0,0,0,0,0,0,0,1,0,0,1,0,0,0,1,0
441,1,17,1,0,1,1,1,1,2,0,0,0,1,0,0,1,1,0,4,4,3,2,4,5,4,9,0,1,0,0,1,0,0,0,0,1,0,0,0,1,0,0,0,1,0
442,1,15,0,1,1,4,1,1,2,0,0,1,0,1,1,1,1,0,5,3,4,1,2,2,0,14,0,1,0,1,0,0,0,0,0,0,1,0,0,0,0,1,1,0,0
443,1,15,0,1,1,4,1,1,2,0,0,1,0,1,1,1,1,0,5,3,4,1,2,2,7,8,0,1,0,1,0,0,0,0,0,0,1,0,0,0,0,1,1,0,0
444,1,16,0,0,1,3,4,3,2,0,0,0,0,0,0,1,0,0,3,4,5,1,2,5,4,11,0,1,0,0,1,0,0,0,1,0,0,0,0,0,1,0,0,1,0
445,1,15,0,0,1,1,1,4,2,0,0,1,0,1,1,1,0,1,5,4,5,2,4,4,8,9,0,1,0,0,1,0,0,0,0,1,0,0,1,0,0,0,0,1,0
446,1,15,1,1,1,3,3,1,2,0,0,1,0,1,1,1,1,0,5,3,3,1,1,5,0,11,0,1,1,0,0,0,0,1,0,0,0,0,0,0,0,1,1,0,0
447,1,17,0,0,1,2,1,3,1,0,0,0,0,1,1,0,0,1,5,5,5,5,5,3,8,9,0,1,0,0,1,0,0,0,0,1,0,0,0,0,1,0,0,1,0
448,0,16,0,0,1,4,4,2,3,0,0,0,0,1,1,1,1,1,4,2,2,1,1,4,6,17,0,1,0,0,0,0,1,0,0,0,0,1,1,0,0,0,0,1,0
449,0,15,0,0,1,1,2,2,1,0,0,0,0,0,1,1,0,0,5,1,2,1,1,1,3,13,0,1,0,0,1,0,0,0,0,0,1,0,1,0,0,0,0,1,0
450,0,16,0,0,1,2,3,3,2,0,0,1,0,0,1,1,1,0,4,5,4,1,2,1,2,15,0,1,0,0,1,0,0,0,0,0,1,0,1,0,0,0,0,1,0
451,1,16,0,0,1,1,2,2,2,0,0,0,0,0,1,1,0,0,4,3,3,1,1,5,0,11,0,1,0,0,1,0,0,0,0,1,0,0,1,0,0,0,1,0,0
452,0,16,0,0,1,2,2,3,2,0,0,1,0,0,1,1,1,0,4,4,5,1,1,4,4,11,0,1,0,0,1,0,0,0,0,1,0,0,1,0,0,0,0,1,0
453,0,16,1,0,1,1,2,1,3,1,0,1,0,0,1,1,0,0,1,3,2,1,2,4,0,8,0,1,0,0,1,0,0,0,0,0,1,0,1,0,0,0,0,1,0
454,0,16,1,0,1,1,2,1,3,1,0,1,0,0,1,1,0,0,1,3,2,1,2,4,3,8,0,1,0,0,1,0,0,0,0,0,1,0,1,0,0,0,0,1,0
455,0,15,1,0,1,2,1,1,2,0,1,1,0,0,0,1,1,0,4,4,2,3,3,2,0,9,0,1,1,0,0,0,0,0,0,1,0,0,0,1,0,0,0,1,0
456,0,16,1,0,1,1,1,1,2,0,0,1,0,0,0,1,0,1,5,4,3,2,1,2,0,15,0,1,1,0,0,0,0,0,0,1,0,0,1,0,0,0,1,0,0
457,1,17,0,1,1,1,2,1,1,0,0,1,0,1,1,1,1,0,5,5,5,5,5,3,4,11,0,1,1,0,0,0,0,0,0,0,1,0,0,0,0,1,0,1,0
458,0,16,0,0,1,1,1,4,4,0,0,1,0,0,0,1,1,0,4,3,2,1,1,1,0,13,0,1,0,0,1,0,0,0,0,1,0,0,0,1,0,0,1,0,0
459,0,16,0,0,1,1,1,4,3,0,1,1,0,0,1,1,0,0,4,4,3,1,1,5,2,10,0,1,1,0,0,0,0,0,0,1,0,0,0,0,1,0,1,0,0
460,0,15,0,0,1,1,1,2,2,0,0,1,0,1,1,1,1,0,4,3,3,1,1,2,1,11,0,1,1,0,0,0,0,0,0,1,0,0,0,1,0,0,1,0,0
461,0,16,0,0,1,1,1,2,1,0,0,0,0,1,1,1,1,1,4,2,2,4,3,2,0,14,0,1,1,0,0,0,0,0,0,1,0,0,0,0,1,0,0,1,0
462,0,15,0,0,1,1,1,3,2,0,0,1,0,0,1,1,0,0,4,2,1,1,2,2,0,14,0,1,1,0,0,0,0,1,0,0,0,0,1,0,0,0,1,0,0
463,0,15,0,1,1,2,2,1,3,0,1,1,0,0,1,1,0,0,4,4,3,2,2,5,2,12,0,1,0,0,1,0,0,0,0,1,0,0,0,0,1,0,1,0,0
464,1,16,0,0,1,1,1,2,1,0,0,0,0,1,1,1,0,0,3,4,4,3,4,5,6,11,0,1,1,0,0,0,0,0,0,1,0,0,0,0,1,0,1,0,0
465,0,18,1,0,1,1,2,1,2,1,0,1,0,1,1,1,1,1,3,4,4,2,3,5,9,8,0,1,0,0,1,0,0,0,0,1,0,0,1,0,0,0,1,0,0
466,1,15,1,0,1,3,1,2,1,0,0,1,0,0,1,1,0,0,3,2,3,1,3,4,0,11,0,1,0,0,1,0,0,0,0,0,1,0,0,1,0,0,0,1,0
467,0,16,0,0,1,2,2,3,2,0,0,1,0,1,1,1,1,0,5,3,4,1,1,2,1,14,0,1,0,0,1,0,0,0,0,0,1,0,1,0,0,0,1,0,0
468,1,15,1,0,1,2,2,3,1,0,0,0,0,0,1,1,0,0,4,3,3,1,2,4,1,13,0,1,0,1,0,0,0,0,0,1,0,0,0,0,0,1,0,1,0
469,1,16,1,0,1,4,4,1,2,0,0,1,0,1,1,1,0,1,4,3,1,1,1,3,0,13,0,1,0,0,1,0,0,0,0,0,0,1,1,0,0,0,1,0,0
470,0,15,0,0,1,3,3,1,2,0,0,1,0,0,1,1,1,1,4,5,4,1,1,1,4,12,0,1,0,0,0,1,0,0,0,1,0,0,0,0,0,1,0,1,0
471,0,16,0,0,1,2,2,2,2,1,0,1,0,1,0,1,0,0,4,4,4,2,3,5,2,12,0,1,1,0,0,0,0,0,0,1,0,0,1,0,0,0,0,1,0
472,0,16,0,1,1,2,2,3,1,0,0,1,0,1,1,1,0,1,4,3,2,1,1,4,0,16,0,1,0,0,1,0,0,0,0,1,0,0,0,1,0,0,1,0,0
473,1,16,1,1,1,2,1,2,1,0,0,1,0,1,1,1,1,0,2,4,3,2,3,4,4,10,0,1,1,0,0,0,0,0,0,0,1,0,1,0,0,0,0,1,0
474,1,15,0,1,1,1,3,3,1,0,0,1,0,1,1,1,1,0,4,2,4,3,5,3,2,11,0,1,1,0,0,0,0,0,0,1,0,0,0,0,0,1,1,0,0
475,0,15,1,0,1,2,2,2,3,0,0,1,0,1,1,1,0,0,5,3,2,1,1,4,0,14,0,1,0,0,1,0,0,0,0,0,1,0,1,0,0,0,0,1,0
476,0,16,0,1,1,2,1,1,1,0,0,1,0,0,1,1,1,1,5,4,3,1,1,5,2,8,0,1,0,0,1,0,0,0,0,1,0,0,0,1,0,0,0,1,0
477,1,15,1,0,1,3,3,2,1,0,0,1,0,1,0,1,1,0,4,3,3,2,4,3,11,11,0,1,0,0,0,1,0,0,0,0,1,0,1,0,0,0,1,0,0
478,0,16,0,0,1,1,1,2,2,3,1,1,0,0,1,1,0,0,3,4,3,1,1,1,0,8,0,1,1,0,0,0,0,0,0,1,0,0,1,0,0,0,1,0,0
479,0,17,1,0,1,2,2,1,1,0,0,1,0,1,1,0,0,0,4,5,3,1,1,5,4,10,0,1,0,0,1,0,0,1,0,0,0,0,1,0,0,0,0,1,0
480,0,19,1,0,1,2,3,1,1,1,0,0,0,0,1,0,1,1,4,4,4,1,1,2,0,10,0,1,1,0,0,0,0,0,0,0,1,0,1,0,0,0,0,0,1
481,0,17,0,0,1,2,1,3,1,0,0,1,0,1,1,0,0,1,5,5,3,1,1,3,2,11,0,1,1,0,0,0,0,0,0,1,0,0,1,0,0,0,0,1,0
482,0,15,0,1,1,1,1,2,1,0,0,1,0,0,1,0,0,1,5,2,1,1,3,4,0,9,0,1,1,0,0,0,0,0,0,1,0,0,1,0,0,0,0,1,0
483,0,16,0,0,1,2,2,3,2,0,0,1,0,0,1,0,1,0,3,4,5,1,2,1,1,11,0,1,0,0,1,0,0,0,0,1,0,0,1,0,0,0,1,0,0
484,0,16,1,1,0,2,2,1,1,0,0,1,0,0,1,0,0,0,4,3,4,1,2,1,6,8,0,1,0,0,1,0,0,0,0,1,0,0,0,1,0,0,0,1,0
485,0,17,0,0,1,2,2,2,2,0,0,1,0,0,1,1,1,0,4,3,5,1,2,4,0,11,0,1,1,0,0,0,0,0,0,1,0,0,1,0,0,0,0,1,0
486,0,16,1,0,1,2,2,1,1,1,0,1,1,1,0,1,1,0,4,4,3,1,4,3,1,10,0,1,0,0,1,0,0,0,0,0,1,0,1,0,0,0,1,0,0
487,0,18,0,1,0,3,2,2,3,2,0,1,0,0,0,0,0,1,3,3,2,1,1,2,6,10,0,1,0,0,1,0,0,0,0,1,0,0,1,0,0,0,0,0,1
488,0,19,1,0,1,1,1,1,3,1,0,0,0,1,1,0,0,1,5,3,1,1,1,3,6,9,0,1,1,0,0,0,0,0,0,0,1,0,1,0,0,0,0,1,0
489,1,18,0,0,1,1,1,2,1,1,0,0,0,1,1,0,1,0,4,4,3,3,4,4,0,10,0,1,0,0,1,0,0,0,0,1,0,0,0,1,0,0,0,1,0
490,0,18,0,0,1,1,1,2,1,1,0,0,0,0,0,0,1,1,3,2,3,1,1,2,4,10,0,1,1,0,0,0,0,1,0,0,0,0,1,0,0,0,0,1,0
491,0,19,1,0,1,1,1,2,2,1,0,1,0,0,1,1,1,1,1,1,4,4,1,1,12,9,0,1,0,0,1,0,0,0,0,1,0,0,1,0,0,0,0,0,1
492,0,16,0,0,0,2,2,1,2,0,0,0,0,0,0,1,0,1,3,3,2,1,1,3,2,10,0,1,0,1,0,0,0,0,0,1,0,0,1,0,0,0,0,1,0
493,0,17,1,0,1,0,1,2,1,0,0,0,0,1,0,1,0,0,2,4,4,3,5,5,5,10,0,1,0,0,1,0,0,1,0,0,0,0,1,0,0,0,1,0,0
494,0,16,0,1,1,1,2,1,2,0,0,0,0,1,1,0,1,0,4,4,5,1,3,3,0,9,0,1,1,0,0,0,0,0,0,1,0,0,1,0,0,0,0,1,0
495,0,16,1,0,1,3,3,1,1,0,0,0,0,1,1,0,1,1,4,5,4,1,1,4,0,13,0,1,0,0,1,0,0,0,0,1,0,0,0,0,0,1,0,1,0
496,0,16,0,1,1,1,1,1,1,0,0,1,0,1,1,1,1,1,4,4,4,2,2,4,2,14,0,1,0,0,0,1,0,0,0,0,1,0,0,1,0,0,0,1,0
497,1,17,1,0,1,3,3,2,4,1,0,1,1,1,1,1,0,0,5,4,5,3,4,5,0,10,0,1,0,0,0,1,0,1,0,0,0,0,1,0,0,0,0,1,0
498,0,16,1,0,1,2,1,1,2,0,0,1,0,1,1,1,1,0,5,3,3,1,1,1,0,14,0,1,0,0,1,0,0,0,0,0,1,0,1,0,0,0,0,1,0
499,0,16,1,0,1,2,2,1,1,0,0,1,1,1,1,1,0,1,4,2,5,1,2,5,0,16,0,1,0,0,0,1,0,0,0,1,0,0,1,0,0,0,0,1,0
500,1,17,1,0,1,1,2,1,1,1,0,1,0,1,1,0,1,1,5,3,5,5,5,1,12,7,0,1,0,0,1,0,0,0,0,1,0,0,1,0,0,0,1,0,0
501,1,16,1,1,1,4,3,1,1,0,0,0,0,1,1,1,1,0,4,2,5,1,5,5,8,13,0,1,0,0,1,0,0,0,0,1,0,0,1,0,0,0,1,0,0
502,1,17,0,1,1,2,2,3,4,1,0,1,0,0,1,1,0,0,1,3,5,3,5,3,2,9,0,1,0,0,0,1,0,0,0,0,1,0,0,0,1,0,0,1,0
503,0,16,1,0,1,1,1,1,4,0,1,1,0,1,1,1,1,0,2,2,1,1,1,5,0,14,0,1,0,0,1,0,0,0,0,1,0,0,1,0,0,0,0,0,1
504,0,19,1,1,1,2,2,1,3,0,0,0,0,0,1,1,1,1,5,4,5,1,1,1,0,13,0,1,0,0,1,0,0,0,0,1,0,0,0,1,0,0,0,1,0
505,0,17,0,0,1,1,1,2,1,0,0,1,0,1,0,1,1,1,4,4,5,1,2,5,0,11,0,1,1,0,0,0,0,0,0,1,0,0,0,0,0,1,0,1,0
506,0,20,1,0,1,3,3,2,2,1,0,0,0,1,1,1,1,1,3,3,4,2,4,3,8,10,0,1,1,0,0,0,0,0,0,0,1,0,0,0,1,0,0,1,0
507,0,17,1,1,1,1,1,1,3,0,0,1,0,0,1,1,0,1,4,3,3,1,1,3,0,10,0,1,0,0,1,0,0,0,0,0,1,0,1,0,0,0,1,0,0
508,1,17,0,0,1,2,2,3,1,1,0,1,0,0,0,1,1,0,4,4,5,1,2,5,0,9,0,1,0,0,1,0,0,0,0,1,0,0,1,0,0,0,0,1,0
509,0,16,0,1,1,1,1,3,2,0,0,1,0,0,1,1,0,0,5,3,2,1,1,1,0,18,0,1,1,0,0,0,0,0,0,1,0,0,1,0,0,0,1,0,0
510,0,17,0,0,1,2,2,2,2,0,0,1,0,1,1,1,0,0,5,3,2,1,1,1,0,17,0,1,0,0,1,0,0,0,0,1,0,0,0,0,0,1,0,1,0
511,0,17,1,0,0,1,0,2,2,0,0,0,0,0,1,1,1,1,4,4,5,1,1,4,1,10,0,1,0,0,1,0,0,0,0,1,0,0,0,0,1,0,0,1,0
512,0,18,0,0,1,1,1,1,2,1,0,1,0,0,1,1,1,1,4,3,2,1,1,5,9,7,0,1,1,0,0,0,0,0,0,1,0,0,0,0,1,0,0,1,0
513,0,16,1,0,1,3,1,1,1,0,0,0,0,1,1,1,1,0,3,1,3,1,3,1,0,8,0,1,0,0,1,0,0,0,0,1,0,0,1,0,0,0,0,1,0
514,0,16,1,0,1,3,2,1,1,0,0,0,0,0,1,1,1,0,3,1,3,1,4,3,2,7,0,1,0,0,0,1,0,1,0,0,0,0,1,0,0,0,0,1,0
515,0,18,1,1,1,1,1,2,2,0,1,0,0,0,1,1,0,0,2,3,5,1,4,3,8,10,0,1,0,0,1,0,0,1,0,0,0,0,0,0,0,1,0,1,0
516,0,16,0,0,1,4,4,1,2,0,0,0,0,1,0,1,1,1,4,3,3,2,3,2,0,16,0,1,0,1,0,0,0,0,0,0,0,1,0,0,0,1,1,0,0
517,0,16,0,1,1,1,2,2,1,0,0,0,0,1,1,1,1,0,5,4,5,1,4,2,0,15,0,1,0,0,1,0,0,0,0,1,0,0,0,0,0,1,0,1,0
518,0,18,1,0,0,2,4,1,2,1,0,1,0,0,1,1,1,0,2,3,2,1,3,1,8,8,0,1,0,0,1,0,0,0,0,0,1,0,0,0,0,1,1,0,0
519,1,16,0,0,1,2,1,2,2,0,0,0,0,1,1,1,1,0,5,2,1,1,1,2,0,0,0,1,0,0,1,0,0,0,0,0,1,0,0,0,0,1,0,1,0
520,0,16,1,1,1,1,1,3,2,0,0,1,0,0,1,1,1,0,4,3,2,1,3,5,6,8,0,1,1,0,0,0,0,0,0,1,0,0,0,0,1,0,0,1,0
521,0,16,0,0,1,2,3,2,2,0,0,1,0,1,1,1,1,0,3,3,3,1,1,2,0,10,0,1,1,0,0,0,0,0,0,0,1,0,0,0,1,0,0,1,0
522,0,16,1,0,1,4,4,1,2,0,0,1,0,0,1,1,1,1,4,3,4,1,2,3,4,8,0,1,0,1,0,0,0,0,1,0,0,0,1,0,0,0,0,1,0
523,1,18,1,1,1,4,4,1,4,0,0,1,0,1,1,0,1,1,5,5,5,5,5,5,2,6,0,1,1,0,0,0,0,0,1,0,0,0,0,1,0,0,0,1,0
524,0,16,0,1,1,3,4,3,2,0,0,1,0,0,0,1,0,0,4,2,1,1,1,2,2,8,0,1,1,0,0,0,0,0,0,1,0,0,0,0,1,0,0,1,0
525,1,17,1,1,1,4,4,1,3,0,0,1,0,0,1,1,1,0,4,4,3,1,2,5,0,16,0,1,0,0,1,0,0,0,0,0,1,0,0,1,0,0,0,1,0
526,0,17,0,0,1,4,1,1,1,0,0,0,0,0,1,1,1,1,4,2,3,1,2,5,1,14,0,1,0,0,1,0,0,0,0,1,0,0,0,0,1,0,0,1,0
527,1,16,1,1,1,2,2,4,3,0,0,0,0,0,1,1,0,0,5,1,3,2,2,3,0,10,0,1,0,0,0,1,0,0,0,0,1,0,0,0,1,0,0,1,0
528,0,17,0,0,1,2,2,1,1,0,0,1,1,0,1,1,1,0,5,1,3,1,2,5,5,9,0,1,1,0,0,0,0,0,0,1,0,0,0,0,1,0,0,1,0
529,0,16,1,1,1,4,4,2,1,0,0,1,0,0,1,1,0,0,5,1,3,1,2,5,1,11,0,1,0,0,0,1,0,0,0,0,1,0,0,0,1,0,1,0,0
530,1,17,1,0,1,3,3,1,1,0,0,1,0,1,1,1,1,0,4,1,4,5,5,3,8,9,0,1,0,0,0,1,0,0,0,0,1,0,0,1,0,0,0,1,0
531,1,17,1,0,1,1,1,3,2,0,0,0,0,0,1,1,1,1,5,1,3,3,3,1,0,10,0,1,1,0,0,0,0,0,0,0,1,0,0,0,1,0,0,1,0
532,1,16,1,0,1,2,1,2,2,0,0,0,0,0,0,1,1,1,4,2,2,1,4,5,2,8,0,1,0,1,0,0,0,0,0,0,1,0,0,0,1,0,0,1,0
533,0,16,1,1,1,2,1,1,2,0,0,0,0,0,1,1,1,1,3,2,2,1,1,3,0,16,0,1,0,0,1,0,0,0,0,0,1,0,0,0,1,0,0,1,0
534,1,16,1,1,1,4,4,1,1,0,0,1,0,0,1,1,1,0,4,1,2,2,5,5,0,12,0,1,0,0,0,0,1,0,1,0,0,0,0,0,1,0,1,0,0
535,1,15,0,0,1,1,2,3,2,0,0,1,0,1,1,1,0,0,5,5,5,1,3,5,11,10,0,1,0,0,1,0,0,0,0,0,1,0,1,0,0,0,0,1,0
536,1,15,1,1,0,2,2,3,4,0,0,1,0,1,1,1,0,0,5,4,5,2,3,5,8,14,0,1,0,0,1,0,0,0,0,1,0,0,0,0,0,1,0,1,0
537,1,15,1,1,0,2,1,1,1,0,0,0,0,1,1,1,1,0,4,3,3,1,2,5,11,12,0,1,0,0,0,1,0,0,0,0,1,0,1,0,0,0,0,1,0
538,0,16,0,1,1,2,2,1,3,0,0,1,0,0,0,1,0,1,4,3,3,2,2,5,2,11,0,1,0,0,1,0,0,0,0,1,0,0,1,0,0,0,0,1,0
539,0,16,1,1,1,4,1,2,2,0,0,1,0,1,1,1,1,0,1,2,4,2,2,1,8,10,0,1,0,0,1,0,0,0,0,1,0,0,0,1,0,0,0,1,0
540,0,17,1,0,1,3,2,2,1,0,0,0,0,0,1,1,0,1,4,3,3,2,2,1,5,11,0,1,1,0,0,0,0,0,0,1,0,0,0,1,0,0,0,1,0
541,0,17,0,0,1,2,2,2,2,0,1,0,1,0,1,1,0,0,5,1,3,1,1,5,0,11,0,1,0,0,1,0,0,0,0,1,0,0,0,0,1,0,0,1,0
542,0,16,1,0,1,4,4,2,3,0,0,1,0,0,1,1,1,1,5,3,5,1,4,5,1,12,0,1,0,0,0,0,1,0,0,0,1,0,1,0,0,0,0,1,0
543,1,17,0,0,1,4,4,3,1,3,0,0,0,1,1,1,1,1,3,3,3,1,3,5,2,8,0,1,0,1,0,0,0,0,0,1,0,0,1,0,0,0,1,0,0
544,1,17,0,1,1,1,3,2,1,0,0,0,0,1,1,1,0,1,5,1,2,3,3,5,2,12,0,1,0,0,1,0,0,0,0,1,0,0,1,0,0,0,1,0,0
545,1,17,1,0,1,3,4,1,2,1,0,1,0,1,0,1,1,1,5,4,4,3,4,5,8,8,0,1,0,0,0,1,0,0,0,1,0,0,0,0,1,0,0,1,0
546,0,17,1,0,1,4,4,1,2,0,0,1,0,0,1,1,1,0,5,2,5,1,1,5,0,16,0,1,0,1,0,0,0,0,1,0,0,0,1,0,0,0,1,0,0
547,1,16,0,1,1,4,1,1,1,0,0,0,0,0,1,1,1,0,4,1,2,2,1,2,0,11,0,1,0,0,1,0,0,1,0,0,0,0,0,0,1,0,1,0,0
548,0,17,1,0,0,1,1,1,2,0,0,0,0,1,1,1,1,1,4,5,5,1,2,3,2,11,0,1,1,0,0,0,0,1,0,0,0,0,0,0,1,0,0,1,0
549,0,17,0,0,1,4,2,2,2,0,1,1,0,0,0,1,1,0,4,3,3,2,3,5,0,18,0,1,0,0,1,0,0,0,0,1,0,0,1,0,0,0,0,1,0
550,1,16,1,1,0,2,2,2,2,0,0,1,0,0,0,1,1,1,4,1,2,2,2,5,0,13,0,1,0,0,1,0,0,0,0,0,1,0,1,0,0,0,1,0,0
551,1,17,1,0,1,3,2,2,2,0,0,1,1,0,1,1,1,0,4,1,2,2,2,1,0,13,0,1,0,0,1,0,0,0,0,1,0,0,0,0,1,0,1,0,0
552,1,19,1,0,1,1,1,1,2,2,0,1,0,1,1,0,1,0,4,4,3,3,4,4,2,10,0,1,0,0,1,0,0,0,0,1,0,0,0,0,1,0,0,1,0
553,1,17,1,1,0,1,0,1,1,0,0,0,0,0,1,1,0,1,4,1,2,1,1,5,4,12,0,1,0,0,1,0,0,0,0,1,0,0,0,1,0,0,0,1,0
554,0,17,0,0,1,1,1,2,1,0,0,1,0,1,1,0,1,1,3,5,5,2,2,4,3,10,0,1,1,0,0,0,0,1,0,0,0,0,1,0,0,0,1,0,0
555,0,16,0,0,1,1,2,1,3,0,1,1,0,0,0,1,1,1,4,3,4,1,1,3,5,13,0,1,0,0,1,0,0,0,0,1,0,0,0,1,0,0,1,0,0
556,1,16,0,1,1,1,2,1,1,0,0,0,0,0,1,1,0,0,4,4,4,2,4,5,4,11,0,1,0,0,1,0,0,1,0,0,0,0,1,0,0,0,0,1,0
557,0,17,0,0,1,3,1,2,2,3,0,1,0,1,0,1,1,1,5,4,4,1,1,5,2,10,0,1,0,0,1,0,0,0,0,1,0,0,1,0,0,0,0,1,0
558,1,17,0,0,1,2,2,2,1,0,0,0,0,1,1,0,0,1,5,5,5,3,5,5,0,10,0,1,0,0,1,0,0,0,0,1,0,0,1,0,0,0,0,1,0
559,1,18,0,0,1,1,0,3,1,1,1,1,0,0,1,1,0,0,4,3,2,1,1,4,0,13,0,1,1,0,0,0,0,1,0,0,0,0,1,0,0,0,0,0,1
560,1,17,0,0,1,1,1,2,1,0,0,1,0,1,0,1,1,1,4,5,5,1,3,2,0,10,0,1,0,0,1,0,0,0,0,0,1,0,1,0,0,0,0,1,0
561,1,18,1,1,1,1,1,2,2,0,0,1,0,1,1,1,0,0,4,3,3,1,4,5,6,10,0,1,1,0,0,0,0,1,0,0,0,0,1,0,0,0,0,1,0
562,0,16,0,1,1,2,2,1,2,0,0,0,0,1,1,1,0,1,5,4,3,1,1,1,0,12,0,1,0,0,1,0,0,0,0,0,1,0,1,0,0,0,1,0,0
563,1,17,1,0,1,2,2,1,1,1,0,0,0,1,1,1,0,1,1,2,1,2,3,5,0,0,0,1,0,0,1,0,0,0,0,1,0,0,1,0,0,0,0,1,0
564,1,16,0,0,1,3,2,2,1,0,0,0,0,0,1,1,1,0,4,5,5,2,3,5,2,10,0,1,0,0,0,1,0,0,0,1,0,0,1,0,0,0,1,0,0
565,1,16,0,1,1,1,1,2,1,0,0,0,0,1,1,1,1,0,4,5,5,2,4,5,0,9,0,1,1,0,0,0,0,0,0,1,0,0,1,0,0,0,0,1,0
566,1,18,0,0,1,1,1,2,1,1,0,1,0,0,1,0,1,1,5,3,3,2,3,5,2,9,0,1,0,0,0,1,0,0,0,1,0,0,1,0,0,0,0,0,1
567,1,18,0,0,1,3,2,1,1,1,0,0,0,0,1,0,1,0,2,3,1,2,2,5,0,0,0,1,0,0,0,1,0,0,0,1,0,0,1,0,0,0,0,1,0
568,1,19,1,0,1,3,2,2,1,3,0,0,0,1,1,1,0,0,3,2,1,1,1,3,4,9,0,1,1,0,0,0,0,0,0,0,1,0,1,0,0,0,0,1,0
569,1,18,1,0,1,3,3,1,2,2,0,1,0,1,1,0,1,0,4,4,5,1,3,3,9,8,0,1,1,0,0,0,0,1,0,0,0,0,1,0,0,0,0,1,0
570,1,16,0,0,1,2,2,2,1,0,0,1,0,1,1,1,1,1,5,4,3,2,4,4,6,8,0,1,0,0,0,1,0,0,0,0,1,0,1,0,0,0,0,1,0
571,1,19,1,0,1,2,1,2,1,3,0,0,0,1,0,0,1,1,4,4,3,1,3,5,4,9,0,1,1,0,0,0,0,0,0,1,0,0,1,0,0,0,0,0,1
572,0,16,1,0,0,3,2,2,2,2,0,1,0,1,1,1,0,1,2,5,5,1,1,1,8,7,0,1,0,0,0,1,0,1,0,0,0,0,1,0,0,0,0,1,0
573,0,17,1,0,1,1,1,1,1,0,0,1,0,1,1,1,0,0,4,3,2,1,2,5,9,10,0,1,0,0,1,0,0,1,0,0,0,0,1,0,0,0,0,1,0
574,1,20,0,0,1,1,1,2,1,1,0,1,0,0,1,0,1,1,4,4,3,2,4,4,12,10,0,1,0,0,1,0,0,0,0,1,0,0,1,0,0,0,0,0,1
575,0,18,0,0,0,4,3,1,1,0,0,1,0,0,1,1,1,0,5,4,4,3,4,2,8,10,0,1,0,0,0,1,0,0,0,0,1,0,1,0,0,0,0,1,0
576,1,18,0,0,1,3,2,2,1,0,0,1,0,0,0,1,1,0,2,5,5,5,5,5,8,11,0,1,0,0,1,0,0,0,0,1,0,0,1,0,0,0,0,1,0
577,1,19,0,0,1,1,1,3,2,1,0,0,0,0,1,1,1,0,5,4,4,3,3,2,8,11,0,1,0,0,1,0,0,0,0,0,1,0,0,1,0,0,0,0,1
578,1,17,1,0,1,3,3,2,2,1,0,1,0,0,1,1,1,0,4,5,4,2,3,3,4,10,0,1,0,1,0,0,0,0,0,1,0,0,1,0,0,0,0,1,0
579,1,18,1,1,1,1,3,1,1,0,0,0,0,0,1,0,1,1,4,3,3,2,3,3,0,9,0,1,1,0,0,0,0,0,0,0,1,0,1,0,0,0,0,1,0
580,1,19,0,0,1,1,1,3,1,1,0,1,0,0,1,1,1,0,4,4,4,3,3,5,4,10,0,1,0,0,1,0,0,0,0,1,0,0,0,1,0,0,0,0,1
581,0,18,1,0,0,1,2,2,2,2,0,1,0,0,1,1,0,0,4,3,3,1,1,5,2,8,0,1,1,0,0,0,0,0,0,1,0,0,1,0,0,0,0,1,0
582,0,19,1,1,0,1,1,1,1,0,0,1,0,0,1,0,0,0,1,4,4,1,1,5,0,7,0,1,1,0,0,0,0,0,0,1,0,0,1,0,0,0,0,1,0
583,0,18,0,0,1,2,2,2,1,1,0,0,0,0,1,0,1,1,5,5,5,1,1,3,0,0,0,1,0,0,1,0,0,0,0,1,0,0,0,0,1,0,0,1,0
584,0,17,0,0,1,0,0,2,1,0,0,1,0,0,1,1,1,0,4,4,3,1,1,5,0,11,0,1,1,0,0,0,0,0,0,1,0,0,1,0,0,0,0,1,0
585,0,17,0,1,0,3,1,2,3,0,0,1,1,0,1,0,0,0,4,2,3,2,2,3,5,8,0,1,0,0,1,0,0,1,0,0,0,0,1,0,0,0,0,0,1
586,0,17,1,0,1,4,2,1,2,0,1,1,0,1,1,1,1,0,5,5,5,1,3,5,0,0,0,1,0,0,0,0,1,0,0,0,1,0,0,1,0,0,0,1,0
587,0,18,0,1,1,2,2,1,2,1,0,1,0,1,1,1,1,0,2,3,3,1,2,4,3,8,0,1,0,0,0,1,0,0,0,0,1,0,1,0,0,0,0,1,0
588,0,17,1,0,1,4,1,1,1,0,0,1,0,0,1,1,0,1,3,2,2,1,1,5,0,9,0,1,0,1,0,0,0,1,0,0,0,0,1,0,0,0,0,1,0
589,0,17,1,1,1,1,2,1,1,0,0,0,0,0,1,1,1,0,5,5,1,1,1,3,0,10,0,1,1,0,0,0,0,0,0,1,0,0,1,0,0,0,1,0,0
590,0,18,1,0,1,1,1,3,2,2,0,0,0,1,1,1,0,1,3,4,4,2,2,5,3,7,0,1,0,0,1,0,0,0,0,1,0,0,1,0,0,0,0,1,0
591,0,18,1,0,1,2,2,2,2,0,0,0,0,1,0,1,1,0,4,3,5,1,1,1,2,14,0,1,0,0,0,1,0,1,0,0,0,0,0,0,0,1,1,0,0
592,0,17,1,0,1,3,3,2,1,0,0,1,0,0,1,1,1,0,4,4,3,1,1,4,0,13,0,1,0,0,0,1,0,0,0,0,1,0,1,0,0,0,0,1,0
593,0,18,1,1,0,1,2,2,2,0,0,0,0,0,1,1,1,0,4,4,3,1,2,4,0,14,0,1,1,0,0,0,0,0,0,1,0,0,0,0,0,1,0,1,0
594,0,18,1,0,1,4,4,2,2,0,0,0,0,1,0,1,1,0,4,3,5,1,2,1,0,18,0,1,0,0,0,0,1,0,0,0,0,1,0,0,0,1,0,1,0
595,1,18,1,1,1,4,4,1,1,0,0,1,0,1,1,1,1,0,5,4,5,1,1,5,3,17,0,1,0,0,0,1,0,0,0,1,0,0,0,0,0,1,0,1,0
596,0,17,1,0,1,4,2,2,2,0,0,1,0,0,1,1,1,0,4,3,3,1,2,4,0,18,0,1,0,0,1,0,0,0,0,1,0,0,1,0,0,0,0,1,0
597,0,18,0,0,1,2,2,3,2,1,0,0,0,1,1,1,0,1,4,3,3,1,1,4,0,0,0,1,1,0,0,0,0,0,0,1,0,0,1,0,0,0,0,1,0
598,1,18,1,1,1,1,2,2,1,0,0,1,0,0,0,1,0,0,4,1,4,5,5,1,8,11,0,1,1,0,0,0,0,0,0,0,1,0,0,1,0,0,0,1,0
599,1,18,0,0,1,4,4,3,1,0,0,1,1,1,1,1,1,1,2,5,5,1,1,1,5,14,0,1,1,0,0,0,0,0,0,0,1,0,0,0,1,0,0,1,0
600,1,17,0,0,1,1,1,3,1,0,0,0,0,0,0,0,0,0,4,2,3,3,4,4,4,14,0,1,0,0,1,0,0,0,0,0,1,0,0,0,1,0,1,0,0
601,0,18,1,0,1,2,2,2,2,0,0,1,0,0,0,1,1,1,1,3,1,1,1,2,4,10,0,1,0,0,1,0,0,0,0,1,0,0,1,0,0,0,0,1,0
602,0,18,1,1,1,2,2,2,3,0,0,0,0,0,1,1,1,1,5,4,5,1,4,3,0,13,0,1,0,0,0,1,0,0,0,0,1,0,1,0,0,0,1,0,0
603,0,18,0,1,0,4,2,1,2,0,0,0,0,1,1,1,1,1,5,3,1,1,1,5,0,0,0,1,0,0,0,0,1,0,0,1,0,0,0,0,0,1,0,1,0
604,0,18,1,0,1,1,1,3,2,1,0,0,0,0,1,0,0,0,4,4,2,1,2,2,2,10,0,1,1,0,0,0,0,0,0,0,1,0,1,0,0,0,0,1,0
605,0,19,1,0,1,1,1,2,1,1,0,0,0,0,1,0,0,0,5,5,5,2,3,2,0,0,0,1,1,0,0,0,0,0,0,0,1,0,0,0,1,0,1,0,0
606,0,17,1,0,1,4,2,2,4,0,0,0,0,0,1,1,1,1,4,2,3,3,1,5,0,18,0,1,0,0,0,0,1,0,0,1,0,0,1,0,0,0,1,0,0
607,0,17,0,1,0,2,1,2,2,0,0,0,0,1,1,1,1,1,5,3,3,1,2,2,5,12,0,1,0,0,0,1,0,0,0,1,0,0,0,0,0,1,0,1,0
608,0,18,1,1,0,1,1,1,2,0,0,0,0,0,1,1,0,1,5,2,3,1,2,3,2,11,0,1,1,0,0,0,0,0,0,0,1,0,1,0,0,0,0,1,0
609,0,18,1,0,1,1,2,2,2,0,0,1,0,0,1,0,0,0,4,1,1,1,1,4,0,12,0,1,1,0,0,0,0,1,0,0,0,0,1,0,0,0,1,0,0
610,0,19,0,0,0,1,1,2,2,3,0,1,0,1,1,0,0,1,3,5,4,1,4,1,0,0,0,1,1,0,0,0,0,1,0,0,0,0,1,0,0,0,0,0,1
611,0,18,0,0,1,2,2,2,3,0,0,0,0,0,1,1,1,1,4,2,1,1,1,4,5,15,0,1,0,0,0,1,0,0,0,1,0,0,0,1,0,0,0,1,0
612,1,17,0,0,1,4,3,2,2,1,0,1,1,1,0,1,1,1,4,5,5,1,3,2,4,11,0,1,0,0,0,1,0,0,0,1,0,0,0,1,0,0,0,1,0
613,0,18,1,0,1,3,3,1,2,0,0,1,0,0,1,1,0,1,5,3,4,1,1,5,0,10,0,1,0,0,0,1,0,0,0,0,1,0,1,0,0,0,1,0,0
614,0,17,0,0,1,4,4,2,2,0,0,1,1,1,1,1,1,0,4,3,3,1,2,5,2,12,0,1,0,0,0,0,1,0,0,0,1,0,0,0,1,0,1,0,0
615,0,17,1,1,0,3,2,2,2,0,0,0,0,0,1,1,0,1,1,2,3,1,2,5,0,15,0,1,0,0,0,1,0,0,0,1,0,0,0,0,0,1,0,1,0
616,1,18,1,1,1,1,1,2,1,0,0,0,0,0,0,1,1,1,3,3,2,1,2,3,2,14,0,1,0,0,1,0,0,0,0,0,1,0,0,1,0,0,1,0,0
617,0,18,1,1,1,1,1,2,3,0,0,0,0,0,1,1,1,0,5,3,2,1,1,4,0,18,0,1,1,0,0,0,0,0,0,0,1,0,1,0,0,0,1,0,0
618,0,18,0,1,0,1,2,3,2,0,0,0,0,0,1,1,0,1,4,3,4,1,4,5,0,15,0,1,1,0,0,0,0,0,0,1,0,0,1,0,0,0,0,1,0
619,0,18,1,0,1,3,3,2,2,0,0,1,0,0,1,1,1,1,4,3,2,1,3,3,6,13,0,1,0,0,0,1,0,0,0,0,1,0,0,0,1,0,0,1,0
620,0,17,1,1,1,4,4,1,2,0,0,1,0,1,1,1,1,1,2,3,4,1,1,1,4,15,0,1,1,0,0,0,0,1,0,0,0,0,1,0,0,0,0,1,0
621,0,17,0,0,1,1,2,2,2,0,0,0,0,0,0,1,0,0,3,2,2,1,2,3,0,13,0,1,0,0,1,0,0,0,0,0,1,0,1,0,0,0,1,0,0
622,1,18,0,0,1,1,3,2,2,0,0,1,1,0,1,1,0,0,3,3,4,2,4,3,0,9,0,1,1,0,0,0,0,0,0,1,0,0,1,0,0,0,0,1,0
623,1,18,1,1,1,4,4,2,3,0,0,0,0,0,1,1,1,1,4,2,2,2,2,5,0,16,0,1,0,0,0,0,1,0,0,0,1,0,0,0,1,0,0,1,0
624,0,17,0,0,1,1,1,3,1,1,0,1,0,0,1,1,1,1,5,2,1,1,2,1,0,9,0,1,0,0,1,0,0,0,0,0,1,0,0,0,0,1,0,1,0
625,0,18,1,0,1,2,3,2,1,0,0,1,0,0,1,1,1,1,5,2,3,1,2,4,0,10,0,1,1,0,0,0,0,0,0,0,1,0,1,0,0,0,1,0,0
626,0,18,0,0,1,4,4,3,2,0,0,1,0,0,0,1,1,1,3,2,2,4,2,5,0,0,0,1,0,0,1,0,0,0,0,0,0,1,0,0,1,0,1,0,0
627,1,18,0,1,1,1,2,3,1,0,0,1,0,1,1,0,1,1,4,3,3,2,3,3,3,10,0,1,1,0,0,0,0,0,0,0,1,0,0,0,1,0,1,0,0
628,0,17,1,0,1,2,2,1,3,0,0,0,0,1,1,1,0,1,3,4,3,1,1,3,8,12,0,1,0,0,1,0,0,1,0,0,0,0,0,1,0,0,0,1,0
629,0,17,0,0,1,1,2,1,1,0,0,0,0,1,1,1,1,0,3,5,5,1,3,1,4,9,0,1,0,0,1,0,0,0,0,1,0,0,1,0,0,0,0,1,0
630,0,18,0,1,1,4,4,2,3,0,0,0,0,0,1,1,1,0,5,4,4,1,1,1,0,17,0,1,0,0,1,0,0,0,0,1,0,0,0,0,0,1,0,1,0
631,0,18,0,0,1,1,1,4,3,0,0,0,0,0,1,1,1,0,4,3,2,1,2,4,4,12,0,1,0,0,1,0,0,0,0,1,0,0,0,1,0,0,0,1,0
632,0,19,0,0,1,1,1,2,2,1,0,1,0,0,1,1,1,1,4,3,3,1,1,3,4,9,0,1,1,0,0,0,0,0,0,1,0,0,1,0,0,0,0,0,1
633,0,18,0,1,1,4,4,1,2,0,0,0,0,1,1,1,1,0,5,4,3,3,4,2,1,14,0,1,0,0,0,0,1,0,0,0,1,0,1,0,0,0,0,1,0
634,0,18,1,0,1,3,3,1,2,0,0,0,0,0,1,1,1,1,4,1,3,1,2,1,1,16,0,1,0,0,1,0,0,0,0,1,0,0,0,1,0,0,0,1,0
635,0,17,0,0,1,3,1,1,2,0,0,1,0,1,0,1,1,0,4,5,4,2,3,1,10,9,0,1,1,0,0,0,0,0,0,1,0,0,0,0,0,1,0,1,0
636,1,18,1,0,1,4,4,1,2,0,0,0,0,1,0,1,1,0,3,2,4,1,4,2,4,19,0,1,0,0,0,0,1,0,0,0,0,1,0,1,0,0,1,0,0
637,1,18,0,0,1,2,1,2,1,0,0,0,0,1,0,1,1,1,4,4,3,1,3,5,0,0,0,1,0,0,1,0,0,0,0,1,0,0,0,0,1,0,0,1,0
638,1,17,1,0,1,2,3,2,2,0,0,0,0,1,1,1,1,0,4,4,3,1,1,3,4,16,0,1,0,0,1,0,0,0,0,0,1,0,0,1,0,0,1,0,0
639,1,19,0,0,1,1,1,2,1,1,0,0,0,0,1,1,0,0,4,3,2,1,3,5,0,0,0,1,0,0,1,0,0,0,0,0,1,0,0,0,1,0,0,1,0
640,1,18,0,0,1,4,2,2,1,1,0,0,1,0,1,1,0,0,5,4,3,4,3,3,0,0,0,1,0,0,1,0,0,0,0,1,0,0,0,1,0,0,1,0,0
641,0,18,0,0,1,2,2,2,3,0,0,0,0,0,1,1,0,0,5,3,3,1,3,4,0,15,0,1,1,0,0,0,0,0,0,1,0,0,0,0,1,0,0,1,0
642,0,17,1,0,1,4,3,2,2,0,0,0,0,0,1,1,1,0,5,5,4,1,1,1,0,11,0,1,0,0,0,0,1,0,0,1,0,0,0,0,1,0,0,1,0
643,0,18,0,0,1,4,4,3,1,0,0,1,0,1,1,1,1,1,4,4,3,2,2,5,4,10,0,1,0,0,0,0,1,1,0,0,0,0,0,0,0,1,0,1,0
644,0,19,0,0,1,2,3,1,3,1,0,0,0,1,0,1,1,0,5,4,2,1,2,5,4,10,0,1,0,0,0,1,0,0,0,1,0,0,1,0,0,0,0,1,0
645,0,18,1,1,1,3,1,1,2,0,0,1,0,0,1,1,1,0,4,3,4,1,1,1,4,16,0,1,0,0,0,0,1,0,0,0,1,0,1,0,0,0,0,1,0
646,0,18,1,0,1,1,1,2,2,0,0,0,0,1,1,1,0,0,1,1,1,1,1,5,6,9,0,1,0,0,1,0,0,0,0,1,0,0,1,0,0,0,0,1,0
647,1,17,1,1,1,3,1,2,1,0,0,0,0,0,0,1,1,0,2,4,5,3,4,2,6,10,0,1,0,0,0,1,0,0,0,0,1,0,1,0,0,0,0,1,0
648,1,18,0,1,1,3,2,3,1,0,0,0,0,0,0,1,1,0,4,4,1,3,4,5,4,11,0,1,0,0,0,1,0,0,0,1,0,0,1,0,0,0,0,1,0
